Copyright 1986-2022 Xilinx, Inc. All Rights Reserved. Copyright 2022-2025 Advanced Micro Devices, Inc. All Rights Reserved.
-----------------------------------------------------------------------------------------------------------------------------------------------------------------------------------------------------------
| Tool Version : Vivado v.2025.2 (win64) Build 6299465 Fri Nov 14 19:35:11 GMT 2025
| Date         : Mon Aug 24 00:13:45 2026
| Host         : HP-VICTUS running 64-bit major release  (build 9200)
| Command      : report_timing_summary -max_paths 10 -file Pipeline_top_timing_summary_routed.rpt -pb Pipeline_top_timing_summary_routed.pb -rpx Pipeline_top_timing_summary_routed.rpx -warn_on_violation
| Design       : Pipeline_top
| Device       : 7a200t-ffg1156
| Speed File   : -2  PRODUCTION 1.23 2018-06-13
| Design State : Routed
-----------------------------------------------------------------------------------------------------------------------------------------------------------------------------------------------------------

Timing Summary Report

------------------------------------------------------------------------------------------------
| Timer Settings
| --------------
------------------------------------------------------------------------------------------------

  Enable Multi Corner Analysis               :  Yes
  Enable Pessimism Removal                   :  Yes
  Pessimism Removal Resolution               :  Nearest Common Node
  Enable Input Delay Default Clock           :  No
  Enable Preset / Clear Arcs                 :  No
  Disable Flight Delays                      :  No
  Ignore I/O Paths                           :  No
  Timing Early Launch at Borrowing Latches   :  No
  Borrow Time for Max Delay Exceptions       :  Yes
  Merge Timing Exceptions                    :  Yes
  Inter-SLR Compensation                     :  Conservative

  Corner  Analyze    Analyze    
  Name    Max Paths  Min Paths  
  ------  ---------  ---------  
  Slow    Yes        Yes        
  Fast    Yes        Yes        


------------------------------------------------------------------------------------------------
| Report Methodology
| ------------------
------------------------------------------------------------------------------------------------

Rule       Severity  Description                                                Violations  
---------  --------  ---------------------------------------------------------  ----------  
SYNTH-5    Warning   Mapped onto distributed RAM because of timing constraints  128         
TIMING-18  Warning   Missing input or output delay                              129         

Note: This report is based on the most recent report_methodology run and may not be up-to-date. Run report_methodology on the current design for the latest report.



check_timing report

Table of Contents
-----------------
1. checking no_clock (0)
2. checking constant_clock (0)
3. checking pulse_width_clock (0)
4. checking unconstrained_internal_endpoints (0)
5. checking no_input_delay (1)
6. checking no_output_delay (127)
7. checking multiple_clock (0)
8. checking generated_clocks (0)
9. checking loops (0)
10. checking partial_input_delay (0)
11. checking partial_output_delay (0)
12. checking latch_loops (0)

1. checking no_clock (0)
------------------------
 There are 0 register/latch pins with no clock.


2. checking constant_clock (0)
------------------------------
 There are 0 register/latch pins with constant_clock.


3. checking pulse_width_clock (0)
---------------------------------
 There are 0 register/latch pins which need pulse_width check


4. checking unconstrained_internal_endpoints (0)
------------------------------------------------
 There are 0 pins that are not constrained for maximum delay.

 There are 0 pins that are not constrained for maximum delay due to constant clock.


5. checking no_input_delay (1)
------------------------------
 There are 0 input ports with no input delay specified.

 There is 1 input port with no input delay but user has a false path constraint. (MEDIUM)


6. checking no_output_delay (127)
---------------------------------
 There are 127 ports with no output delay specified. (HIGH)

 There are 0 ports with no output delay but user has a false path constraint

 There are 0 ports with no output delay but with a timing clock defined on it or propagating through it


7. checking multiple_clock (0)
------------------------------
 There are 0 register/latch pins with multiple clocks.


8. checking generated_clocks (0)
--------------------------------
 There are 0 generated clocks that are not connected to a clock source.


9. checking loops (0)
---------------------
 There are 0 combinational loops in the design.


10. checking partial_input_delay (0)
------------------------------------
 There are 0 input ports with partial input delay specified.


11. checking partial_output_delay (0)
-------------------------------------
 There are 0 ports with partial output delay specified.


12. checking latch_loops (0)
----------------------------
 There are 0 combinational latch loops in the design through latch input



------------------------------------------------------------------------------------------------
| Design Timing Summary
| ---------------------
------------------------------------------------------------------------------------------------

    WNS(ns)      TNS(ns)  TNS Failing Endpoints  TNS Total Endpoints      WHS(ns)      THS(ns)  THS Failing Endpoints  THS Total Endpoints     WPWS(ns)     TPWS(ns)  TPWS Failing Endpoints  TPWS Total Endpoints  
    -------      -------  ---------------------  -------------------      -------      -------  ---------------------  -------------------     --------     --------  ----------------------  --------------------  
      0.225        0.000                      0                 6077        0.107        0.000                      0                 6077        1.536        0.000                       0                  1052  


All user specified timing constraints are met.


------------------------------------------------------------------------------------------------
| Clock Summary
| -------------
------------------------------------------------------------------------------------------------

Clock    Waveform(ns)         Period(ns)      Frequency(MHz)
-----    ------------         ----------      --------------
sys_clk  {0.000 2.667}        5.333           187.512         


------------------------------------------------------------------------------------------------
| Intra Clock Table
| -----------------
------------------------------------------------------------------------------------------------

Clock             WNS(ns)      TNS(ns)  TNS Failing Endpoints  TNS Total Endpoints      WHS(ns)      THS(ns)  THS Failing Endpoints  THS Total Endpoints     WPWS(ns)     TPWS(ns)  TPWS Failing Endpoints  TPWS Total Endpoints  
-----             -------      -------  ---------------------  -------------------      -------      -------  ---------------------  -------------------     --------     --------  ----------------------  --------------------  
sys_clk             0.225        0.000                      0                 6077        0.107        0.000                      0                 6077        1.536        0.000                       0                  1052  


------------------------------------------------------------------------------------------------
| Inter Clock Table
| -----------------
------------------------------------------------------------------------------------------------

From Clock    To Clock          WNS(ns)      TNS(ns)  TNS Failing Endpoints  TNS Total Endpoints      WHS(ns)      THS(ns)  THS Failing Endpoints  THS Total Endpoints  
----------    --------          -------      -------  ---------------------  -------------------      -------      -------  ---------------------  -------------------  


------------------------------------------------------------------------------------------------
| Other Path Groups Table
| -----------------------
------------------------------------------------------------------------------------------------

Path Group    From Clock    To Clock          WNS(ns)      TNS(ns)  TNS Failing Endpoints  TNS Total Endpoints      WHS(ns)      THS(ns)  THS Failing Endpoints  THS Total Endpoints  
----------    ----------    --------          -------      -------  ---------------------  -------------------      -------      -------  ---------------------  -------------------  


------------------------------------------------------------------------------------------------
| Timing Details
| --------------
------------------------------------------------------------------------------------------------


---------------------------------------------------------------------------------------------------
From Clock:  sys_clk
  To Clock:  sys_clk

Setup :            0  Failing Endpoints,  Worst Slack        0.225ns,  Total Violation        0.000ns
Hold  :            0  Failing Endpoints,  Worst Slack        0.107ns,  Total Violation        0.000ns
PW    :            0  Failing Endpoints,  Worst Slack        1.536ns,  Total Violation        0.000ns
---------------------------------------------------------------------------------------------------


Max Delay Paths
--------------------------------------------------------------------------------------
Slack (MET) :             0.225ns  (required time - arrival time)
  Source:                 execute/RD_E_r_reg[2]/C
                            (rising edge-triggered cell FDCE clocked by sys_clk  {rise@0.000ns fall@2.667ns period=5.333ns})
  Destination:            execute/ALUResultE_r_reg_rep[0]_rep__0/D
                            (rising edge-triggered cell FDCE clocked by sys_clk  {rise@0.000ns fall@2.667ns period=5.333ns})
  Path Group:             sys_clk
  Path Type:              Setup (Max at Slow Process Corner)
  Requirement:            5.333ns  (sys_clk rise@5.333ns - sys_clk rise@0.000ns)
  Data Path Delay:        4.975ns  (logic 1.634ns (32.845%)  route 3.341ns (67.155%))
  Logic Levels:           9  (CARRY4=4 LUT4=2 LUT5=1 LUT6=2)
  Clock Path Skew:        -0.039ns (DCD - SCD + CPR)
    Destination Clock Delay (DCD):    4.014ns = ( 9.347 - 5.333 ) 
    Source Clock Delay      (SCD):    4.347ns
    Clock Pessimism Removal (CPR):    0.294ns
  Clock Uncertainty:      0.035ns  ((TSJ^2 + TIJ^2)^1/2 + DJ) / 2 + PE
    Total System Jitter     (TSJ):    0.071ns
    Total Input Jitter      (TIJ):    0.000ns
    Discrete Jitter          (DJ):    0.000ns
    Phase Error              (PE):    0.000ns

    Location             Delay type                Incr(ns)  Path(ns)    Netlist Resource(s)
  -------------------------------------------------------------------    -------------------
                         (clock sys_clk rise edge)    0.000     0.000 r  
    V4                                                0.000     0.000 r  clk (IN)
                         net (fo=0)                   0.000     0.000    clk
    V4                   IBUF (Prop_ibuf_I_O)         0.941     0.941 r  clk_IBUF_inst/O
                         net (fo=1, routed)           1.792     2.733    clk_IBUF
    BUFGCTRL_X0Y0        BUFG (Prop_bufg_I_O)         0.081     2.814 r  clk_IBUF_BUFG_inst/O
                         net (fo=1051, routed)        1.533     4.347    execute/clk_IBUF_BUFG
    SLICE_X160Y125       FDCE                                         r  execute/RD_E_r_reg[2]/C
  -------------------------------------------------------------------    -------------------
    SLICE_X160Y125       FDCE (Prop_fdce_C_Q)         0.379     4.726 r  execute/RD_E_r_reg[2]/Q
                         net (fo=4, routed)           0.572     5.298    execute/ALU/Q[2]
    SLICE_X163Y124       LUT4 (Prop_lut4_I0_O)        0.105     5.403 f  execute/ALU/WriteDataE_r[31]_i_6/O
                         net (fo=6, routed)           0.667     6.070    execute/ALU/WriteDataE_r[31]_i_6_n_0
    SLICE_X160Y123       LUT6 (Prop_lut6_I1_O)        0.105     6.175 r  execute/ALU/WriteDataE_r[31]_i_3/O
                         net (fo=60, routed)          0.604     6.779    execute/ALU/Rs2_D_r_reg[0]
    SLICE_X159Y124       LUT5 (Prop_lut5_I3_O)        0.105     6.884 r  execute/ALU/WriteDataE_r[0]_i_1/O
                         net (fo=3, routed)           0.282     7.166    decode/D[0]
    SLICE_X160Y123       LUT6 (Prop_lut6_I2_O)        0.105     7.271 r  decode/slt_carry_i_4/O
                         net (fo=1, routed)           0.438     7.708    execute/ALU/DI[0]
    SLICE_X159Y125       CARRY4 (Prop_carry4_DI[0]_CO[3])
                                                      0.436     8.144 r  execute/ALU/slt_carry/CO[3]
                         net (fo=1, routed)           0.000     8.144    execute/ALU/slt_carry_n_0
    SLICE_X159Y126       CARRY4 (Prop_carry4_CI_CO[3])
                                                      0.098     8.242 r  execute/ALU/slt_carry__0/CO[3]
                         net (fo=1, routed)           0.000     8.242    execute/ALU/slt_carry__0_n_0
    SLICE_X159Y127       CARRY4 (Prop_carry4_CI_CO[3])
                                                      0.098     8.340 r  execute/ALU/slt_carry__1/CO[3]
                         net (fo=1, routed)           0.000     8.340    execute/ALU/slt_carry__1_n_0
    SLICE_X159Y128       CARRY4 (Prop_carry4_CI_CO[3])
                                                      0.098     8.438 r  execute/ALU/slt_carry__2/CO[3]
                         net (fo=1, routed)           0.481     8.920    decode/CO[0]
    SLICE_X157Y128       LUT4 (Prop_lut4_I0_O)        0.105     9.025 r  decode/ALUResultE_r_rep[0]_i_1/O
                         net (fo=4, routed)           0.297     9.322    execute/ALUResultE_r_reg[31]_2[0]
    SLICE_X156Y126       FDCE                                         r  execute/ALUResultE_r_reg_rep[0]_rep__0/D
  -------------------------------------------------------------------    -------------------

                         (clock sys_clk rise edge)    5.333     5.333 r  
    V4                                                0.000     5.333 r  clk (IN)
                         net (fo=0)                   0.000     5.333    clk
    V4                   IBUF (Prop_ibuf_I_O)         0.810     6.143 r  clk_IBUF_inst/O
                         net (fo=1, routed)           1.699     7.842    clk_IBUF
    BUFGCTRL_X0Y0        BUFG (Prop_bufg_I_O)         0.077     7.919 r  clk_IBUF_BUFG_inst/O
                         net (fo=1051, routed)        1.428     9.347    execute/clk_IBUF_BUFG
    SLICE_X156Y126       FDCE                                         r  execute/ALUResultE_r_reg_rep[0]_rep__0/C
                         clock pessimism              0.294     9.641    
                         clock uncertainty           -0.035     9.606    
    SLICE_X156Y126       FDCE (Setup_fdce_C_D)       -0.059     9.547    execute/ALUResultE_r_reg_rep[0]_rep__0
  -------------------------------------------------------------------
                         required time                          9.547    
                         arrival time                          -9.322    
  -------------------------------------------------------------------
                         slack                                  0.225    

Slack (MET) :             0.248ns  (required time - arrival time)
  Source:                 execute/RD_E_r_reg[2]/C
                            (rising edge-triggered cell FDCE clocked by sys_clk  {rise@0.000ns fall@2.667ns period=5.333ns})
  Destination:            execute/ALUResultE_r_reg_rep[0]_rep/D
                            (rising edge-triggered cell FDCE clocked by sys_clk  {rise@0.000ns fall@2.667ns period=5.333ns})
  Path Group:             sys_clk
  Path Type:              Setup (Max at Slow Process Corner)
  Requirement:            5.333ns  (sys_clk rise@5.333ns - sys_clk rise@0.000ns)
  Data Path Delay:        4.966ns  (logic 1.634ns (32.906%)  route 3.332ns (67.094%))
  Logic Levels:           9  (CARRY4=4 LUT4=2 LUT5=1 LUT6=2)
  Clock Path Skew:        -0.037ns (DCD - SCD + CPR)
    Destination Clock Delay (DCD):    4.016ns = ( 9.349 - 5.333 ) 
    Source Clock Delay      (SCD):    4.347ns
    Clock Pessimism Removal (CPR):    0.294ns
  Clock Uncertainty:      0.035ns  ((TSJ^2 + TIJ^2)^1/2 + DJ) / 2 + PE
    Total System Jitter     (TSJ):    0.071ns
    Total Input Jitter      (TIJ):    0.000ns
    Discrete Jitter          (DJ):    0.000ns
    Phase Error              (PE):    0.000ns

    Location             Delay type                Incr(ns)  Path(ns)    Netlist Resource(s)
  -------------------------------------------------------------------    -------------------
                         (clock sys_clk rise edge)    0.000     0.000 r  
    V4                                                0.000     0.000 r  clk (IN)
                         net (fo=0)                   0.000     0.000    clk
    V4                   IBUF (Prop_ibuf_I_O)         0.941     0.941 r  clk_IBUF_inst/O
                         net (fo=1, routed)           1.792     2.733    clk_IBUF
    BUFGCTRL_X0Y0        BUFG (Prop_bufg_I_O)         0.081     2.814 r  clk_IBUF_BUFG_inst/O
                         net (fo=1051, routed)        1.533     4.347    execute/clk_IBUF_BUFG
    SLICE_X160Y125       FDCE                                         r  execute/RD_E_r_reg[2]/C
  -------------------------------------------------------------------    -------------------
    SLICE_X160Y125       FDCE (Prop_fdce_C_Q)         0.379     4.726 r  execute/RD_E_r_reg[2]/Q
                         net (fo=4, routed)           0.572     5.298    execute/ALU/Q[2]
    SLICE_X163Y124       LUT4 (Prop_lut4_I0_O)        0.105     5.403 f  execute/ALU/WriteDataE_r[31]_i_6/O
                         net (fo=6, routed)           0.667     6.070    execute/ALU/WriteDataE_r[31]_i_6_n_0
    SLICE_X160Y123       LUT6 (Prop_lut6_I1_O)        0.105     6.175 r  execute/ALU/WriteDataE_r[31]_i_3/O
                         net (fo=60, routed)          0.604     6.779    execute/ALU/Rs2_D_r_reg[0]
    SLICE_X159Y124       LUT5 (Prop_lut5_I3_O)        0.105     6.884 r  execute/ALU/WriteDataE_r[0]_i_1/O
                         net (fo=3, routed)           0.282     7.166    decode/D[0]
    SLICE_X160Y123       LUT6 (Prop_lut6_I2_O)        0.105     7.271 r  decode/slt_carry_i_4/O
                         net (fo=1, routed)           0.438     7.708    execute/ALU/DI[0]
    SLICE_X159Y125       CARRY4 (Prop_carry4_DI[0]_CO[3])
                                                      0.436     8.144 r  execute/ALU/slt_carry/CO[3]
                         net (fo=1, routed)           0.000     8.144    execute/ALU/slt_carry_n_0
    SLICE_X159Y126       CARRY4 (Prop_carry4_CI_CO[3])
                                                      0.098     8.242 r  execute/ALU/slt_carry__0/CO[3]
                         net (fo=1, routed)           0.000     8.242    execute/ALU/slt_carry__0_n_0
    SLICE_X159Y127       CARRY4 (Prop_carry4_CI_CO[3])
                                                      0.098     8.340 r  execute/ALU/slt_carry__1/CO[3]
                         net (fo=1, routed)           0.000     8.340    execute/ALU/slt_carry__1_n_0
    SLICE_X159Y128       CARRY4 (Prop_carry4_CI_CO[3])
                                                      0.098     8.438 r  execute/ALU/slt_carry__2/CO[3]
                         net (fo=1, routed)           0.481     8.920    decode/CO[0]
    SLICE_X157Y128       LUT4 (Prop_lut4_I0_O)        0.105     9.025 r  decode/ALUResultE_r_rep[0]_i_1/O
                         net (fo=4, routed)           0.288     9.313    execute/ALUResultE_r_reg[31]_2[0]
    SLICE_X159Y128       FDCE                                         r  execute/ALUResultE_r_reg_rep[0]_rep/D
  -------------------------------------------------------------------    -------------------

                         (clock sys_clk rise edge)    5.333     5.333 r  
    V4                                                0.000     5.333 r  clk (IN)
                         net (fo=0)                   0.000     5.333    clk
    V4                   IBUF (Prop_ibuf_I_O)         0.810     6.143 r  clk_IBUF_inst/O
                         net (fo=1, routed)           1.699     7.842    clk_IBUF
    BUFGCTRL_X0Y0        BUFG (Prop_bufg_I_O)         0.077     7.919 r  clk_IBUF_BUFG_inst/O
                         net (fo=1051, routed)        1.430     9.349    execute/clk_IBUF_BUFG
    SLICE_X159Y128       FDCE                                         r  execute/ALUResultE_r_reg_rep[0]_rep/C
                         clock pessimism              0.294     9.643    
                         clock uncertainty           -0.035     9.608    
    SLICE_X159Y128       FDCE (Setup_fdce_C_D)       -0.047     9.561    execute/ALUResultE_r_reg_rep[0]_rep
  -------------------------------------------------------------------
                         required time                          9.561    
                         arrival time                          -9.313    
  -------------------------------------------------------------------
                         slack                                  0.248    

Slack (MET) :             0.260ns  (required time - arrival time)
  Source:                 execute/RD_E_r_reg[2]/C
                            (rising edge-triggered cell FDCE clocked by sys_clk  {rise@0.000ns fall@2.667ns period=5.333ns})
  Destination:            execute/ALUResultE_r_reg[0]/D
                            (rising edge-triggered cell FDCE clocked by sys_clk  {rise@0.000ns fall@2.667ns period=5.333ns})
  Path Group:             sys_clk
  Path Type:              Setup (Max at Slow Process Corner)
  Requirement:            5.333ns  (sys_clk rise@5.333ns - sys_clk rise@0.000ns)
  Data Path Delay:        4.962ns  (logic 1.634ns (32.932%)  route 3.328ns (67.068%))
  Logic Levels:           9  (CARRY4=4 LUT4=2 LUT5=1 LUT6=2)
  Clock Path Skew:        -0.037ns (DCD - SCD + CPR)
    Destination Clock Delay (DCD):    4.016ns = ( 9.349 - 5.333 ) 
    Source Clock Delay      (SCD):    4.347ns
    Clock Pessimism Removal (CPR):    0.294ns
  Clock Uncertainty:      0.035ns  ((TSJ^2 + TIJ^2)^1/2 + DJ) / 2 + PE
    Total System Jitter     (TSJ):    0.071ns
    Total Input Jitter      (TIJ):    0.000ns
    Discrete Jitter          (DJ):    0.000ns
    Phase Error              (PE):    0.000ns

    Location             Delay type                Incr(ns)  Path(ns)    Netlist Resource(s)
  -------------------------------------------------------------------    -------------------
                         (clock sys_clk rise edge)    0.000     0.000 r  
    V4                                                0.000     0.000 r  clk (IN)
                         net (fo=0)                   0.000     0.000    clk
    V4                   IBUF (Prop_ibuf_I_O)         0.941     0.941 r  clk_IBUF_inst/O
                         net (fo=1, routed)           1.792     2.733    clk_IBUF
    BUFGCTRL_X0Y0        BUFG (Prop_bufg_I_O)         0.081     2.814 r  clk_IBUF_BUFG_inst/O
                         net (fo=1051, routed)        1.533     4.347    execute/clk_IBUF_BUFG
    SLICE_X160Y125       FDCE                                         r  execute/RD_E_r_reg[2]/C
  -------------------------------------------------------------------    -------------------
    SLICE_X160Y125       FDCE (Prop_fdce_C_Q)         0.379     4.726 r  execute/RD_E_r_reg[2]/Q
                         net (fo=4, routed)           0.572     5.298    execute/ALU/Q[2]
    SLICE_X163Y124       LUT4 (Prop_lut4_I0_O)        0.105     5.403 f  execute/ALU/WriteDataE_r[31]_i_6/O
                         net (fo=6, routed)           0.667     6.070    execute/ALU/WriteDataE_r[31]_i_6_n_0
    SLICE_X160Y123       LUT6 (Prop_lut6_I1_O)        0.105     6.175 r  execute/ALU/WriteDataE_r[31]_i_3/O
                         net (fo=60, routed)          0.604     6.779    execute/ALU/Rs2_D_r_reg[0]
    SLICE_X159Y124       LUT5 (Prop_lut5_I3_O)        0.105     6.884 r  execute/ALU/WriteDataE_r[0]_i_1/O
                         net (fo=3, routed)           0.282     7.166    decode/D[0]
    SLICE_X160Y123       LUT6 (Prop_lut6_I2_O)        0.105     7.271 r  decode/slt_carry_i_4/O
                         net (fo=1, routed)           0.438     7.708    execute/ALU/DI[0]
    SLICE_X159Y125       CARRY4 (Prop_carry4_DI[0]_CO[3])
                                                      0.436     8.144 r  execute/ALU/slt_carry/CO[3]
                         net (fo=1, routed)           0.000     8.144    execute/ALU/slt_carry_n_0
    SLICE_X159Y126       CARRY4 (Prop_carry4_CI_CO[3])
                                                      0.098     8.242 r  execute/ALU/slt_carry__0/CO[3]
                         net (fo=1, routed)           0.000     8.242    execute/ALU/slt_carry__0_n_0
    SLICE_X159Y127       CARRY4 (Prop_carry4_CI_CO[3])
                                                      0.098     8.340 r  execute/ALU/slt_carry__1/CO[3]
                         net (fo=1, routed)           0.000     8.340    execute/ALU/slt_carry__1_n_0
    SLICE_X159Y128       CARRY4 (Prop_carry4_CI_CO[3])
                                                      0.098     8.438 r  execute/ALU/slt_carry__2/CO[3]
                         net (fo=1, routed)           0.481     8.920    decode/CO[0]
    SLICE_X157Y128       LUT4 (Prop_lut4_I0_O)        0.105     9.025 r  decode/ALUResultE_r_rep[0]_i_1/O
                         net (fo=4, routed)           0.284     9.309    execute/ALUResultE_r_reg[31]_2[0]
    SLICE_X157Y128       FDCE                                         r  execute/ALUResultE_r_reg[0]/D
  -------------------------------------------------------------------    -------------------

                         (clock sys_clk rise edge)    5.333     5.333 r  
    V4                                                0.000     5.333 r  clk (IN)
                         net (fo=0)                   0.000     5.333    clk
    V4                   IBUF (Prop_ibuf_I_O)         0.810     6.143 r  clk_IBUF_inst/O
                         net (fo=1, routed)           1.699     7.842    clk_IBUF
    BUFGCTRL_X0Y0        BUFG (Prop_bufg_I_O)         0.077     7.919 r  clk_IBUF_BUFG_inst/O
                         net (fo=1051, routed)        1.430     9.349    execute/clk_IBUF_BUFG
    SLICE_X157Y128       FDCE                                         r  execute/ALUResultE_r_reg[0]/C
                         clock pessimism              0.294     9.643    
                         clock uncertainty           -0.035     9.608    
    SLICE_X157Y128       FDCE (Setup_fdce_C_D)       -0.039     9.569    execute/ALUResultE_r_reg[0]
  -------------------------------------------------------------------
                         required time                          9.569    
                         arrival time                          -9.309    
  -------------------------------------------------------------------
                         slack                                  0.260    

Slack (MET) :             0.269ns  (required time - arrival time)
  Source:                 execute/RD_E_r_reg[2]/C
                            (rising edge-triggered cell FDCE clocked by sys_clk  {rise@0.000ns fall@2.667ns period=5.333ns})
  Destination:            execute/ALUResultE_r_reg_rep[0]/D
                            (rising edge-triggered cell FDCE clocked by sys_clk  {rise@0.000ns fall@2.667ns period=5.333ns})
  Path Group:             sys_clk
  Path Type:              Setup (Max at Slow Process Corner)
  Requirement:            5.333ns  (sys_clk rise@5.333ns - sys_clk rise@0.000ns)
  Data Path Delay:        4.965ns  (logic 1.634ns (32.913%)  route 3.331ns (67.087%))
  Logic Levels:           9  (CARRY4=4 LUT4=2 LUT5=1 LUT6=2)
  Clock Path Skew:        -0.037ns (DCD - SCD + CPR)
    Destination Clock Delay (DCD):    4.016ns = ( 9.349 - 5.333 ) 
    Source Clock Delay      (SCD):    4.347ns
    Clock Pessimism Removal (CPR):    0.294ns
  Clock Uncertainty:      0.035ns  ((TSJ^2 + TIJ^2)^1/2 + DJ) / 2 + PE
    Total System Jitter     (TSJ):    0.071ns
    Total Input Jitter      (TIJ):    0.000ns
    Discrete Jitter          (DJ):    0.000ns
    Phase Error              (PE):    0.000ns

    Location             Delay type                Incr(ns)  Path(ns)    Netlist Resource(s)
  -------------------------------------------------------------------    -------------------
                         (clock sys_clk rise edge)    0.000     0.000 r  
    V4                                                0.000     0.000 r  clk (IN)
                         net (fo=0)                   0.000     0.000    clk
    V4                   IBUF (Prop_ibuf_I_O)         0.941     0.941 r  clk_IBUF_inst/O
                         net (fo=1, routed)           1.792     2.733    clk_IBUF
    BUFGCTRL_X0Y0        BUFG (Prop_bufg_I_O)         0.081     2.814 r  clk_IBUF_BUFG_inst/O
                         net (fo=1051, routed)        1.533     4.347    execute/clk_IBUF_BUFG
    SLICE_X160Y125       FDCE                                         r  execute/RD_E_r_reg[2]/C
  -------------------------------------------------------------------    -------------------
    SLICE_X160Y125       FDCE (Prop_fdce_C_Q)         0.379     4.726 r  execute/RD_E_r_reg[2]/Q
                         net (fo=4, routed)           0.572     5.298    execute/ALU/Q[2]
    SLICE_X163Y124       LUT4 (Prop_lut4_I0_O)        0.105     5.403 f  execute/ALU/WriteDataE_r[31]_i_6/O
                         net (fo=6, routed)           0.667     6.070    execute/ALU/WriteDataE_r[31]_i_6_n_0
    SLICE_X160Y123       LUT6 (Prop_lut6_I1_O)        0.105     6.175 r  execute/ALU/WriteDataE_r[31]_i_3/O
                         net (fo=60, routed)          0.604     6.779    execute/ALU/Rs2_D_r_reg[0]
    SLICE_X159Y124       LUT5 (Prop_lut5_I3_O)        0.105     6.884 r  execute/ALU/WriteDataE_r[0]_i_1/O
                         net (fo=3, routed)           0.282     7.166    decode/D[0]
    SLICE_X160Y123       LUT6 (Prop_lut6_I2_O)        0.105     7.271 r  decode/slt_carry_i_4/O
                         net (fo=1, routed)           0.438     7.708    execute/ALU/DI[0]
    SLICE_X159Y125       CARRY4 (Prop_carry4_DI[0]_CO[3])
                                                      0.436     8.144 r  execute/ALU/slt_carry/CO[3]
                         net (fo=1, routed)           0.000     8.144    execute/ALU/slt_carry_n_0
    SLICE_X159Y126       CARRY4 (Prop_carry4_CI_CO[3])
                                                      0.098     8.242 r  execute/ALU/slt_carry__0/CO[3]
                         net (fo=1, routed)           0.000     8.242    execute/ALU/slt_carry__0_n_0
    SLICE_X159Y127       CARRY4 (Prop_carry4_CI_CO[3])
                                                      0.098     8.340 r  execute/ALU/slt_carry__1/CO[3]
                         net (fo=1, routed)           0.000     8.340    execute/ALU/slt_carry__1_n_0
    SLICE_X159Y128       CARRY4 (Prop_carry4_CI_CO[3])
                                                      0.098     8.438 r  execute/ALU/slt_carry__2/CO[3]
                         net (fo=1, routed)           0.481     8.920    decode/CO[0]
    SLICE_X157Y128       LUT4 (Prop_lut4_I0_O)        0.105     9.025 r  decode/ALUResultE_r_rep[0]_i_1/O
                         net (fo=4, routed)           0.287     9.312    execute/ALUResultE_r_reg[31]_2[0]
    SLICE_X159Y128       FDCE                                         r  execute/ALUResultE_r_reg_rep[0]/D
  -------------------------------------------------------------------    -------------------

                         (clock sys_clk rise edge)    5.333     5.333 r  
    V4                                                0.000     5.333 r  clk (IN)
                         net (fo=0)                   0.000     5.333    clk
    V4                   IBUF (Prop_ibuf_I_O)         0.810     6.143 r  clk_IBUF_inst/O
                         net (fo=1, routed)           1.699     7.842    clk_IBUF
    BUFGCTRL_X0Y0        BUFG (Prop_bufg_I_O)         0.077     7.919 r  clk_IBUF_BUFG_inst/O
                         net (fo=1051, routed)        1.430     9.349    execute/clk_IBUF_BUFG
    SLICE_X159Y128       FDCE                                         r  execute/ALUResultE_r_reg_rep[0]/C
                         clock pessimism              0.294     9.643    
                         clock uncertainty           -0.035     9.608    
    SLICE_X159Y128       FDCE (Setup_fdce_C_D)       -0.027     9.581    execute/ALUResultE_r_reg_rep[0]
  -------------------------------------------------------------------
                         required time                          9.581    
                         arrival time                          -9.312    
  -------------------------------------------------------------------
                         slack                                  0.269    

Slack (MET) :             0.323ns  (required time - arrival time)
  Source:                 execute/RD_E_r_reg[2]/C
                            (rising edge-triggered cell FDCE clocked by sys_clk  {rise@0.000ns fall@2.667ns period=5.333ns})
  Destination:            execute/ALUResultE_r_reg_rep[5]_rep__0/D
                            (rising edge-triggered cell FDCE clocked by sys_clk  {rise@0.000ns fall@2.667ns period=5.333ns})
  Path Group:             sys_clk
  Path Type:              Setup (Max at Slow Process Corner)
  Requirement:            5.333ns  (sys_clk rise@5.333ns - sys_clk rise@0.000ns)
  Data Path Delay:        4.932ns  (logic 1.795ns (36.394%)  route 3.137ns (63.606%))
  Logic Levels:           7  (CARRY4=2 LUT2=1 LUT4=2 LUT5=1 LUT6=1)
  Clock Path Skew:        0.000ns (DCD - SCD + CPR)
    Destination Clock Delay (DCD):    4.014ns = ( 9.347 - 5.333 ) 
    Source Clock Delay      (SCD):    4.347ns
    Clock Pessimism Removal (CPR):    0.333ns
  Clock Uncertainty:      0.035ns  ((TSJ^2 + TIJ^2)^1/2 + DJ) / 2 + PE
    Total System Jitter     (TSJ):    0.071ns
    Total Input Jitter      (TIJ):    0.000ns
    Discrete Jitter          (DJ):    0.000ns
    Phase Error              (PE):    0.000ns

    Location             Delay type                Incr(ns)  Path(ns)    Netlist Resource(s)
  -------------------------------------------------------------------    -------------------
                         (clock sys_clk rise edge)    0.000     0.000 r  
    V4                                                0.000     0.000 r  clk (IN)
                         net (fo=0)                   0.000     0.000    clk
    V4                   IBUF (Prop_ibuf_I_O)         0.941     0.941 r  clk_IBUF_inst/O
                         net (fo=1, routed)           1.792     2.733    clk_IBUF
    BUFGCTRL_X0Y0        BUFG (Prop_bufg_I_O)         0.081     2.814 r  clk_IBUF_BUFG_inst/O
                         net (fo=1051, routed)        1.533     4.347    execute/clk_IBUF_BUFG
    SLICE_X160Y125       FDCE                                         r  execute/RD_E_r_reg[2]/C
  -------------------------------------------------------------------    -------------------
    SLICE_X160Y125       FDCE (Prop_fdce_C_Q)         0.379     4.726 r  execute/RD_E_r_reg[2]/Q
                         net (fo=4, routed)           0.572     5.298    execute/ALU/Q[2]
    SLICE_X163Y124       LUT4 (Prop_lut4_I0_O)        0.105     5.403 f  execute/ALU/WriteDataE_r[31]_i_6/O
                         net (fo=6, routed)           0.667     6.070    execute/ALU/WriteDataE_r[31]_i_6_n_0
    SLICE_X160Y123       LUT6 (Prop_lut6_I1_O)        0.105     6.175 r  execute/ALU/WriteDataE_r[31]_i_3/O
                         net (fo=60, routed)          0.604     6.779    execute/ALU/Rs2_D_r_reg[0]
    SLICE_X159Y124       LUT5 (Prop_lut5_I3_O)        0.105     6.884 r  execute/ALU/WriteDataE_r[0]_i_1/O
                         net (fo=3, routed)           0.122     7.007    decode/D[0]
    SLICE_X159Y124       LUT4 (Prop_lut4_I1_O)        0.105     7.112 r  decode/sum0_carry_i_1/O
                         net (fo=1, routed)           0.277     7.388    execute/ALU/mux1[0]
    SLICE_X158Y125       CARRY4 (Prop_carry4_CYINIT_CO[3])
                                                      0.494     7.882 r  execute/ALU/sum0_carry/CO[3]
                         net (fo=1, routed)           0.000     7.882    execute/ALU/sum0_carry_n_0
    SLICE_X158Y126       CARRY4 (Prop_carry4_CI_O[1])
                                                      0.257     8.139 r  execute/ALU/sum0_carry__0/O[1]
                         net (fo=1, routed)           0.252     8.391    execute/ALU/sum0_carry__0_n_6
    SLICE_X160Y126       LUT2 (Prop_lut2_I0_O)        0.245     8.636 r  execute/ALU/ALUResultE_r_rep[5]_i_1/O
                         net (fo=4, routed)           0.643     9.279    execute/result[5]
    SLICE_X160Y125       FDCE                                         r  execute/ALUResultE_r_reg_rep[5]_rep__0/D
  -------------------------------------------------------------------    -------------------

                         (clock sys_clk rise edge)    5.333     5.333 r  
    V4                                                0.000     5.333 r  clk (IN)
                         net (fo=0)                   0.000     5.333    clk
    V4                   IBUF (Prop_ibuf_I_O)         0.810     6.143 r  clk_IBUF_inst/O
                         net (fo=1, routed)           1.699     7.842    clk_IBUF
    BUFGCTRL_X0Y0        BUFG (Prop_bufg_I_O)         0.077     7.919 r  clk_IBUF_BUFG_inst/O
                         net (fo=1051, routed)        1.428     9.347    execute/clk_IBUF_BUFG
    SLICE_X160Y125       FDCE                                         r  execute/ALUResultE_r_reg_rep[5]_rep__0/C
                         clock pessimism              0.333     9.680    
                         clock uncertainty           -0.035     9.645    
    SLICE_X160Y125       FDCE (Setup_fdce_C_D)       -0.042     9.603    execute/ALUResultE_r_reg_rep[5]_rep__0
  -------------------------------------------------------------------
                         required time                          9.603    
                         arrival time                          -9.279    
  -------------------------------------------------------------------
                         slack                                  0.323    

Slack (MET) :             0.373ns  (required time - arrival time)
  Source:                 execute/RD_E_r_reg[2]/C
                            (rising edge-triggered cell FDCE clocked by sys_clk  {rise@0.000ns fall@2.667ns period=5.333ns})
  Destination:            execute/ALUResultE_r_reg_rep[7]_rep__0/D
                            (rising edge-triggered cell FDCE clocked by sys_clk  {rise@0.000ns fall@2.667ns period=5.333ns})
  Path Group:             sys_clk
  Path Type:              Setup (Max at Slow Process Corner)
  Requirement:            5.333ns  (sys_clk rise@5.333ns - sys_clk rise@0.000ns)
  Data Path Delay:        4.854ns  (logic 1.805ns (37.188%)  route 3.049ns (62.812%))
  Logic Levels:           7  (CARRY4=2 LUT2=1 LUT4=2 LUT5=1 LUT6=1)
  Clock Path Skew:        -0.039ns (DCD - SCD + CPR)
    Destination Clock Delay (DCD):    4.014ns = ( 9.347 - 5.333 ) 
    Source Clock Delay      (SCD):    4.347ns
    Clock Pessimism Removal (CPR):    0.294ns
  Clock Uncertainty:      0.035ns  ((TSJ^2 + TIJ^2)^1/2 + DJ) / 2 + PE
    Total System Jitter     (TSJ):    0.071ns
    Total Input Jitter      (TIJ):    0.000ns
    Discrete Jitter          (DJ):    0.000ns
    Phase Error              (PE):    0.000ns

    Location             Delay type                Incr(ns)  Path(ns)    Netlist Resource(s)
  -------------------------------------------------------------------    -------------------
                         (clock sys_clk rise edge)    0.000     0.000 r  
    V4                                                0.000     0.000 r  clk (IN)
                         net (fo=0)                   0.000     0.000    clk
    V4                   IBUF (Prop_ibuf_I_O)         0.941     0.941 r  clk_IBUF_inst/O
                         net (fo=1, routed)           1.792     2.733    clk_IBUF
    BUFGCTRL_X0Y0        BUFG (Prop_bufg_I_O)         0.081     2.814 r  clk_IBUF_BUFG_inst/O
                         net (fo=1051, routed)        1.533     4.347    execute/clk_IBUF_BUFG
    SLICE_X160Y125       FDCE                                         r  execute/RD_E_r_reg[2]/C
  -------------------------------------------------------------------    -------------------
    SLICE_X160Y125       FDCE (Prop_fdce_C_Q)         0.379     4.726 r  execute/RD_E_r_reg[2]/Q
                         net (fo=4, routed)           0.572     5.298    execute/ALU/Q[2]
    SLICE_X163Y124       LUT4 (Prop_lut4_I0_O)        0.105     5.403 f  execute/ALU/WriteDataE_r[31]_i_6/O
                         net (fo=6, routed)           0.667     6.070    execute/ALU/WriteDataE_r[31]_i_6_n_0
    SLICE_X160Y123       LUT6 (Prop_lut6_I1_O)        0.105     6.175 r  execute/ALU/WriteDataE_r[31]_i_3/O
                         net (fo=60, routed)          0.604     6.779    execute/ALU/Rs2_D_r_reg[0]
    SLICE_X159Y124       LUT5 (Prop_lut5_I3_O)        0.105     6.884 r  execute/ALU/WriteDataE_r[0]_i_1/O
                         net (fo=3, routed)           0.122     7.007    decode/D[0]
    SLICE_X159Y124       LUT4 (Prop_lut4_I1_O)        0.105     7.112 r  decode/sum0_carry_i_1/O
                         net (fo=1, routed)           0.277     7.388    execute/ALU/mux1[0]
    SLICE_X158Y125       CARRY4 (Prop_carry4_CYINIT_CO[3])
                                                      0.494     7.882 r  execute/ALU/sum0_carry/CO[3]
                         net (fo=1, routed)           0.000     7.882    execute/ALU/sum0_carry_n_0
    SLICE_X158Y126       CARRY4 (Prop_carry4_CI_O[3])
                                                      0.262     8.144 r  execute/ALU/sum0_carry__0/O[3]
                         net (fo=1, routed)           0.238     8.382    execute/ALU/sum0_carry__0_n_4
    SLICE_X156Y126       LUT2 (Prop_lut2_I0_O)        0.250     8.632 r  execute/ALU/ALUResultE_r_rep[7]_i_1/O
                         net (fo=4, routed)           0.568     9.201    execute/result[7]
    SLICE_X156Y126       FDCE                                         r  execute/ALUResultE_r_reg_rep[7]_rep__0/D
  -------------------------------------------------------------------    -------------------

                         (clock sys_clk rise edge)    5.333     5.333 r  
    V4                                                0.000     5.333 r  clk (IN)
                         net (fo=0)                   0.000     5.333    clk
    V4                   IBUF (Prop_ibuf_I_O)         0.810     6.143 r  clk_IBUF_inst/O
                         net (fo=1, routed)           1.699     7.842    clk_IBUF
    BUFGCTRL_X0Y0        BUFG (Prop_bufg_I_O)         0.077     7.919 r  clk_IBUF_BUFG_inst/O
                         net (fo=1051, routed)        1.428     9.347    execute/clk_IBUF_BUFG
    SLICE_X156Y126       FDCE                                         r  execute/ALUResultE_r_reg_rep[7]_rep__0/C
                         clock pessimism              0.294     9.641    
                         clock uncertainty           -0.035     9.606    
    SLICE_X156Y126       FDCE (Setup_fdce_C_D)       -0.032     9.574    execute/ALUResultE_r_reg_rep[7]_rep__0
  -------------------------------------------------------------------
                         required time                          9.574    
                         arrival time                          -9.201    
  -------------------------------------------------------------------
                         slack                                  0.373    

Slack (MET) :             0.397ns  (required time - arrival time)
  Source:                 execute/RD_E_r_reg[2]/C
                            (rising edge-triggered cell FDCE clocked by sys_clk  {rise@0.000ns fall@2.667ns period=5.333ns})
  Destination:            execute/ALUResultE_r_reg[31]/D
                            (rising edge-triggered cell FDCE clocked by sys_clk  {rise@0.000ns fall@2.667ns period=5.333ns})
  Path Group:             sys_clk
  Path Type:              Setup (Max at Slow Process Corner)
  Requirement:            5.333ns  (sys_clk rise@5.333ns - sys_clk rise@0.000ns)
  Data Path Delay:        4.900ns  (logic 2.234ns (45.592%)  route 2.666ns (54.408%))
  Logic Levels:           12  (CARRY4=7 LUT2=1 LUT3=1 LUT4=1 LUT6=2)
  Clock Path Skew:        -0.033ns (DCD - SCD + CPR)
    Destination Clock Delay (DCD):    4.020ns = ( 9.353 - 5.333 ) 
    Source Clock Delay      (SCD):    4.347ns
    Clock Pessimism Removal (CPR):    0.294ns
  Clock Uncertainty:      0.035ns  ((TSJ^2 + TIJ^2)^1/2 + DJ) / 2 + PE
    Total System Jitter     (TSJ):    0.071ns
    Total Input Jitter      (TIJ):    0.000ns
    Discrete Jitter          (DJ):    0.000ns
    Phase Error              (PE):    0.000ns

    Location             Delay type                Incr(ns)  Path(ns)    Netlist Resource(s)
  -------------------------------------------------------------------    -------------------
                         (clock sys_clk rise edge)    0.000     0.000 r  
    V4                                                0.000     0.000 r  clk (IN)
                         net (fo=0)                   0.000     0.000    clk
    V4                   IBUF (Prop_ibuf_I_O)         0.941     0.941 r  clk_IBUF_inst/O
                         net (fo=1, routed)           1.792     2.733    clk_IBUF
    BUFGCTRL_X0Y0        BUFG (Prop_bufg_I_O)         0.081     2.814 r  clk_IBUF_BUFG_inst/O
                         net (fo=1051, routed)        1.533     4.347    execute/clk_IBUF_BUFG
    SLICE_X160Y125       FDCE                                         r  execute/RD_E_r_reg[2]/C
  -------------------------------------------------------------------    -------------------
    SLICE_X160Y125       FDCE (Prop_fdce_C_Q)         0.379     4.726 r  execute/RD_E_r_reg[2]/Q
                         net (fo=4, routed)           0.572     5.298    execute/ALU/Q[2]
    SLICE_X163Y124       LUT4 (Prop_lut4_I0_O)        0.105     5.403 f  execute/ALU/WriteDataE_r[31]_i_6/O
                         net (fo=6, routed)           0.667     6.070    execute/ALU/WriteDataE_r[31]_i_6_n_0
    SLICE_X160Y123       LUT6 (Prop_lut6_I1_O)        0.105     6.175 r  execute/ALU/WriteDataE_r[31]_i_3/O
                         net (fo=60, routed)          0.777     6.952    execute/ALU/Rs2_D_r_reg[0]
    SLICE_X159Y124       LUT6 (Prop_lut6_I1_O)        0.105     7.057 r  execute/ALU/sum0_carry__0_i_12/O
                         net (fo=3, routed)           0.427     7.483    memory/slt_carry_0
    SLICE_X158Y126       LUT3 (Prop_lut3_I1_O)        0.105     7.588 r  memory/sum0_carry__0_i_8/O
                         net (fo=1, routed)           0.000     7.588    execute/ALU/ALUResultE_r_reg_rep[7]_rep__0[0]
    SLICE_X158Y126       CARRY4 (Prop_carry4_S[0]_CO[3])
                                                      0.423     8.011 r  execute/ALU/sum0_carry__0/CO[3]
                         net (fo=1, routed)           0.000     8.011    execute/ALU/sum0_carry__0_n_0
    SLICE_X158Y127       CARRY4 (Prop_carry4_CI_CO[3])
                                                      0.100     8.111 r  execute/ALU/sum0_carry__1/CO[3]
                         net (fo=1, routed)           0.000     8.111    execute/ALU/sum0_carry__1_n_0
    SLICE_X158Y128       CARRY4 (Prop_carry4_CI_CO[3])
                                                      0.100     8.211 r  execute/ALU/sum0_carry__2/CO[3]
                         net (fo=1, routed)           0.000     8.211    execute/ALU/sum0_carry__2_n_0
    SLICE_X158Y129       CARRY4 (Prop_carry4_CI_CO[3])
                                                      0.100     8.311 r  execute/ALU/sum0_carry__3/CO[3]
                         net (fo=1, routed)           0.000     8.311    execute/ALU/sum0_carry__3_n_0
    SLICE_X158Y130       CARRY4 (Prop_carry4_CI_CO[3])
                                                      0.100     8.411 r  execute/ALU/sum0_carry__4/CO[3]
                         net (fo=1, routed)           0.000     8.411    execute/ALU/sum0_carry__4_n_0
    SLICE_X158Y131       CARRY4 (Prop_carry4_CI_CO[3])
                                                      0.100     8.511 r  execute/ALU/sum0_carry__5/CO[3]
                         net (fo=1, routed)           0.000     8.511    execute/ALU/sum0_carry__5_n_0
    SLICE_X158Y132       CARRY4 (Prop_carry4_CI_O[3])
                                                      0.262     8.773 r  execute/ALU/sum0_carry__6/O[3]
                         net (fo=1, routed)           0.224     8.997    memory/ALUResultE_r_reg[31]_1[3]
    SLICE_X159Y131       LUT2 (Prop_lut2_I0_O)        0.250     9.247 r  memory/ALUResultE_r[31]_i_1/O
                         net (fo=1, routed)           0.000     9.247    execute/ALUResultE_r_reg[31]_2[4]
    SLICE_X159Y131       FDCE                                         r  execute/ALUResultE_r_reg[31]/D
  -------------------------------------------------------------------    -------------------

                         (clock sys_clk rise edge)    5.333     5.333 r  
    V4                                                0.000     5.333 r  clk (IN)
                         net (fo=0)                   0.000     5.333    clk
    V4                   IBUF (Prop_ibuf_I_O)         0.810     6.143 r  clk_IBUF_inst/O
                         net (fo=1, routed)           1.699     7.842    clk_IBUF
    BUFGCTRL_X0Y0        BUFG (Prop_bufg_I_O)         0.077     7.919 r  clk_IBUF_BUFG_inst/O
                         net (fo=1051, routed)        1.434     9.353    execute/clk_IBUF_BUFG
    SLICE_X159Y131       FDCE                                         r  execute/ALUResultE_r_reg[31]/C
                         clock pessimism              0.294     9.647    
                         clock uncertainty           -0.035     9.612    
    SLICE_X159Y131       FDCE (Setup_fdce_C_D)        0.032     9.644    execute/ALUResultE_r_reg[31]
  -------------------------------------------------------------------
                         required time                          9.644    
                         arrival time                          -9.247    
  -------------------------------------------------------------------
                         slack                                  0.397    

Slack (MET) :             0.404ns  (required time - arrival time)
  Source:                 execute/RD_E_r_reg[2]/C
                            (rising edge-triggered cell FDCE clocked by sys_clk  {rise@0.000ns fall@2.667ns period=5.333ns})
  Destination:            execute/ALUResultE_r_reg[29]/D
                            (rising edge-triggered cell FDCE clocked by sys_clk  {rise@0.000ns fall@2.667ns period=5.333ns})
  Path Group:             sys_clk
  Path Type:              Setup (Max at Slow Process Corner)
  Requirement:            5.333ns  (sys_clk rise@5.333ns - sys_clk rise@0.000ns)
  Data Path Delay:        4.893ns  (logic 2.224ns (45.450%)  route 2.669ns (54.550%))
  Logic Levels:           12  (CARRY4=7 LUT2=1 LUT3=1 LUT4=1 LUT6=2)
  Clock Path Skew:        -0.032ns (DCD - SCD + CPR)
    Destination Clock Delay (DCD):    4.021ns = ( 9.354 - 5.333 ) 
    Source Clock Delay      (SCD):    4.347ns
    Clock Pessimism Removal (CPR):    0.294ns
  Clock Uncertainty:      0.035ns  ((TSJ^2 + TIJ^2)^1/2 + DJ) / 2 + PE
    Total System Jitter     (TSJ):    0.071ns
    Total Input Jitter      (TIJ):    0.000ns
    Discrete Jitter          (DJ):    0.000ns
    Phase Error              (PE):    0.000ns

    Location             Delay type                Incr(ns)  Path(ns)    Netlist Resource(s)
  -------------------------------------------------------------------    -------------------
                         (clock sys_clk rise edge)    0.000     0.000 r  
    V4                                                0.000     0.000 r  clk (IN)
                         net (fo=0)                   0.000     0.000    clk
    V4                   IBUF (Prop_ibuf_I_O)         0.941     0.941 r  clk_IBUF_inst/O
                         net (fo=1, routed)           1.792     2.733    clk_IBUF
    BUFGCTRL_X0Y0        BUFG (Prop_bufg_I_O)         0.081     2.814 r  clk_IBUF_BUFG_inst/O
                         net (fo=1051, routed)        1.533     4.347    execute/clk_IBUF_BUFG
    SLICE_X160Y125       FDCE                                         r  execute/RD_E_r_reg[2]/C
  -------------------------------------------------------------------    -------------------
    SLICE_X160Y125       FDCE (Prop_fdce_C_Q)         0.379     4.726 r  execute/RD_E_r_reg[2]/Q
                         net (fo=4, routed)           0.572     5.298    execute/ALU/Q[2]
    SLICE_X163Y124       LUT4 (Prop_lut4_I0_O)        0.105     5.403 f  execute/ALU/WriteDataE_r[31]_i_6/O
                         net (fo=6, routed)           0.667     6.070    execute/ALU/WriteDataE_r[31]_i_6_n_0
    SLICE_X160Y123       LUT6 (Prop_lut6_I1_O)        0.105     6.175 r  execute/ALU/WriteDataE_r[31]_i_3/O
                         net (fo=60, routed)          0.777     6.952    execute/ALU/Rs2_D_r_reg[0]
    SLICE_X159Y124       LUT6 (Prop_lut6_I1_O)        0.105     7.057 r  execute/ALU/sum0_carry__0_i_12/O
                         net (fo=3, routed)           0.427     7.483    memory/slt_carry_0
    SLICE_X158Y126       LUT3 (Prop_lut3_I1_O)        0.105     7.588 r  memory/sum0_carry__0_i_8/O
                         net (fo=1, routed)           0.000     7.588    execute/ALU/ALUResultE_r_reg_rep[7]_rep__0[0]
    SLICE_X158Y126       CARRY4 (Prop_carry4_S[0]_CO[3])
                                                      0.423     8.011 r  execute/ALU/sum0_carry__0/CO[3]
                         net (fo=1, routed)           0.000     8.011    execute/ALU/sum0_carry__0_n_0
    SLICE_X158Y127       CARRY4 (Prop_carry4_CI_CO[3])
                                                      0.100     8.111 r  execute/ALU/sum0_carry__1/CO[3]
                         net (fo=1, routed)           0.000     8.111    execute/ALU/sum0_carry__1_n_0
    SLICE_X158Y128       CARRY4 (Prop_carry4_CI_CO[3])
                                                      0.100     8.211 r  execute/ALU/sum0_carry__2/CO[3]
                         net (fo=1, routed)           0.000     8.211    execute/ALU/sum0_carry__2_n_0
    SLICE_X158Y129       CARRY4 (Prop_carry4_CI_CO[3])
                                                      0.100     8.311 r  execute/ALU/sum0_carry__3/CO[3]
                         net (fo=1, routed)           0.000     8.311    execute/ALU/sum0_carry__3_n_0
    SLICE_X158Y130       CARRY4 (Prop_carry4_CI_CO[3])
                                                      0.100     8.411 r  execute/ALU/sum0_carry__4/CO[3]
                         net (fo=1, routed)           0.000     8.411    execute/ALU/sum0_carry__4_n_0
    SLICE_X158Y131       CARRY4 (Prop_carry4_CI_CO[3])
                                                      0.100     8.511 r  execute/ALU/sum0_carry__5/CO[3]
                         net (fo=1, routed)           0.000     8.511    execute/ALU/sum0_carry__5_n_0
    SLICE_X158Y132       CARRY4 (Prop_carry4_CI_O[1])
                                                      0.257     8.768 r  execute/ALU/sum0_carry__6/O[1]
                         net (fo=1, routed)           0.227     8.995    memory/ALUResultE_r_reg[31]_1[1]
    SLICE_X159Y132       LUT2 (Prop_lut2_I0_O)        0.245     9.240 r  memory/ALUResultE_r[29]_i_1/O
                         net (fo=1, routed)           0.000     9.240    execute/ALUResultE_r_reg[31]_2[2]
    SLICE_X159Y132       FDCE                                         r  execute/ALUResultE_r_reg[29]/D
  -------------------------------------------------------------------    -------------------

                         (clock sys_clk rise edge)    5.333     5.333 r  
    V4                                                0.000     5.333 r  clk (IN)
                         net (fo=0)                   0.000     5.333    clk
    V4                   IBUF (Prop_ibuf_I_O)         0.810     6.143 r  clk_IBUF_inst/O
                         net (fo=1, routed)           1.699     7.842    clk_IBUF
    BUFGCTRL_X0Y0        BUFG (Prop_bufg_I_O)         0.077     7.919 r  clk_IBUF_BUFG_inst/O
                         net (fo=1051, routed)        1.435     9.354    execute/clk_IBUF_BUFG
    SLICE_X159Y132       FDCE                                         r  execute/ALUResultE_r_reg[29]/C
                         clock pessimism              0.294     9.648    
                         clock uncertainty           -0.035     9.613    
    SLICE_X159Y132       FDCE (Setup_fdce_C_D)        0.032     9.645    execute/ALUResultE_r_reg[29]
  -------------------------------------------------------------------
                         required time                          9.645    
                         arrival time                          -9.240    
  -------------------------------------------------------------------
                         slack                                  0.404    

Slack (MET) :             0.415ns  (required time - arrival time)
  Source:                 execute/RD_E_r_reg[2]/C
                            (rising edge-triggered cell FDCE clocked by sys_clk  {rise@0.000ns fall@2.667ns period=5.333ns})
  Destination:            execute/ALUResultE_r_reg_rep[5]/D
                            (rising edge-triggered cell FDCE clocked by sys_clk  {rise@0.000ns fall@2.667ns period=5.333ns})
  Path Group:             sys_clk
  Path Type:              Setup (Max at Slow Process Corner)
  Requirement:            5.333ns  (sys_clk rise@5.333ns - sys_clk rise@0.000ns)
  Data Path Delay:        4.835ns  (logic 1.795ns (37.124%)  route 3.040ns (62.876%))
  Logic Levels:           7  (CARRY4=2 LUT2=1 LUT4=2 LUT5=1 LUT6=1)
  Clock Path Skew:        0.000ns (DCD - SCD + CPR)
    Destination Clock Delay (DCD):    4.014ns = ( 9.347 - 5.333 ) 
    Source Clock Delay      (SCD):    4.347ns
    Clock Pessimism Removal (CPR):    0.333ns
  Clock Uncertainty:      0.035ns  ((TSJ^2 + TIJ^2)^1/2 + DJ) / 2 + PE
    Total System Jitter     (TSJ):    0.071ns
    Total Input Jitter      (TIJ):    0.000ns
    Discrete Jitter          (DJ):    0.000ns
    Phase Error              (PE):    0.000ns

    Location             Delay type                Incr(ns)  Path(ns)    Netlist Resource(s)
  -------------------------------------------------------------------    -------------------
                         (clock sys_clk rise edge)    0.000     0.000 r  
    V4                                                0.000     0.000 r  clk (IN)
                         net (fo=0)                   0.000     0.000    clk
    V4                   IBUF (Prop_ibuf_I_O)         0.941     0.941 r  clk_IBUF_inst/O
                         net (fo=1, routed)           1.792     2.733    clk_IBUF
    BUFGCTRL_X0Y0        BUFG (Prop_bufg_I_O)         0.081     2.814 r  clk_IBUF_BUFG_inst/O
                         net (fo=1051, routed)        1.533     4.347    execute/clk_IBUF_BUFG
    SLICE_X160Y125       FDCE                                         r  execute/RD_E_r_reg[2]/C
  -------------------------------------------------------------------    -------------------
    SLICE_X160Y125       FDCE (Prop_fdce_C_Q)         0.379     4.726 r  execute/RD_E_r_reg[2]/Q
                         net (fo=4, routed)           0.572     5.298    execute/ALU/Q[2]
    SLICE_X163Y124       LUT4 (Prop_lut4_I0_O)        0.105     5.403 f  execute/ALU/WriteDataE_r[31]_i_6/O
                         net (fo=6, routed)           0.667     6.070    execute/ALU/WriteDataE_r[31]_i_6_n_0
    SLICE_X160Y123       LUT6 (Prop_lut6_I1_O)        0.105     6.175 r  execute/ALU/WriteDataE_r[31]_i_3/O
                         net (fo=60, routed)          0.604     6.779    execute/ALU/Rs2_D_r_reg[0]
    SLICE_X159Y124       LUT5 (Prop_lut5_I3_O)        0.105     6.884 r  execute/ALU/WriteDataE_r[0]_i_1/O
                         net (fo=3, routed)           0.122     7.007    decode/D[0]
    SLICE_X159Y124       LUT4 (Prop_lut4_I1_O)        0.105     7.112 r  decode/sum0_carry_i_1/O
                         net (fo=1, routed)           0.277     7.388    execute/ALU/mux1[0]
    SLICE_X158Y125       CARRY4 (Prop_carry4_CYINIT_CO[3])
                                                      0.494     7.882 r  execute/ALU/sum0_carry/CO[3]
                         net (fo=1, routed)           0.000     7.882    execute/ALU/sum0_carry_n_0
    SLICE_X158Y126       CARRY4 (Prop_carry4_CI_O[1])
                                                      0.257     8.139 r  execute/ALU/sum0_carry__0/O[1]
                         net (fo=1, routed)           0.252     8.391    execute/ALU/sum0_carry__0_n_6
    SLICE_X160Y126       LUT2 (Prop_lut2_I0_O)        0.245     8.636 r  execute/ALU/ALUResultE_r_rep[5]_i_1/O
                         net (fo=4, routed)           0.546     9.182    execute/result[5]
    SLICE_X160Y125       FDCE                                         r  execute/ALUResultE_r_reg_rep[5]/D
  -------------------------------------------------------------------    -------------------

                         (clock sys_clk rise edge)    5.333     5.333 r  
    V4                                                0.000     5.333 r  clk (IN)
                         net (fo=0)                   0.000     5.333    clk
    V4                   IBUF (Prop_ibuf_I_O)         0.810     6.143 r  clk_IBUF_inst/O
                         net (fo=1, routed)           1.699     7.842    clk_IBUF
    BUFGCTRL_X0Y0        BUFG (Prop_bufg_I_O)         0.077     7.919 r  clk_IBUF_BUFG_inst/O
                         net (fo=1051, routed)        1.428     9.347    execute/clk_IBUF_BUFG
    SLICE_X160Y125       FDCE                                         r  execute/ALUResultE_r_reg_rep[5]/C
                         clock pessimism              0.333     9.680    
                         clock uncertainty           -0.035     9.645    
    SLICE_X160Y125       FDCE (Setup_fdce_C_D)       -0.047     9.598    execute/ALUResultE_r_reg_rep[5]
  -------------------------------------------------------------------
                         required time                          9.598    
                         arrival time                          -9.182    
  -------------------------------------------------------------------
                         slack                                  0.415    

Slack (MET) :             0.450ns  (required time - arrival time)
  Source:                 execute/RD_E_r_reg[2]/C
                            (rising edge-triggered cell FDCE clocked by sys_clk  {rise@0.000ns fall@2.667ns period=5.333ns})
  Destination:            execute/ALUResultE_r_reg[5]/D
                            (rising edge-triggered cell FDCE clocked by sys_clk  {rise@0.000ns fall@2.667ns period=5.333ns})
  Path Group:             sys_clk
  Path Type:              Setup (Max at Slow Process Corner)
  Requirement:            5.333ns  (sys_clk rise@5.333ns - sys_clk rise@0.000ns)
  Data Path Delay:        4.778ns  (logic 1.795ns (37.570%)  route 2.983ns (62.430%))
  Logic Levels:           7  (CARRY4=2 LUT2=1 LUT4=2 LUT5=1 LUT6=1)
  Clock Path Skew:        -0.023ns (DCD - SCD + CPR)
    Destination Clock Delay (DCD):    4.015ns = ( 9.348 - 5.333 ) 
    Source Clock Delay      (SCD):    4.347ns
    Clock Pessimism Removal (CPR):    0.309ns
  Clock Uncertainty:      0.035ns  ((TSJ^2 + TIJ^2)^1/2 + DJ) / 2 + PE
    Total System Jitter     (TSJ):    0.071ns
    Total Input Jitter      (TIJ):    0.000ns
    Discrete Jitter          (DJ):    0.000ns
    Phase Error              (PE):    0.000ns

    Location             Delay type                Incr(ns)  Path(ns)    Netlist Resource(s)
  -------------------------------------------------------------------    -------------------
                         (clock sys_clk rise edge)    0.000     0.000 r  
    V4                                                0.000     0.000 r  clk (IN)
                         net (fo=0)                   0.000     0.000    clk
    V4                   IBUF (Prop_ibuf_I_O)         0.941     0.941 r  clk_IBUF_inst/O
                         net (fo=1, routed)           1.792     2.733    clk_IBUF
    BUFGCTRL_X0Y0        BUFG (Prop_bufg_I_O)         0.081     2.814 r  clk_IBUF_BUFG_inst/O
                         net (fo=1051, routed)        1.533     4.347    execute/clk_IBUF_BUFG
    SLICE_X160Y125       FDCE                                         r  execute/RD_E_r_reg[2]/C
  -------------------------------------------------------------------    -------------------
    SLICE_X160Y125       FDCE (Prop_fdce_C_Q)         0.379     4.726 r  execute/RD_E_r_reg[2]/Q
                         net (fo=4, routed)           0.572     5.298    execute/ALU/Q[2]
    SLICE_X163Y124       LUT4 (Prop_lut4_I0_O)        0.105     5.403 f  execute/ALU/WriteDataE_r[31]_i_6/O
                         net (fo=6, routed)           0.667     6.070    execute/ALU/WriteDataE_r[31]_i_6_n_0
    SLICE_X160Y123       LUT6 (Prop_lut6_I1_O)        0.105     6.175 r  execute/ALU/WriteDataE_r[31]_i_3/O
                         net (fo=60, routed)          0.604     6.779    execute/ALU/Rs2_D_r_reg[0]
    SLICE_X159Y124       LUT5 (Prop_lut5_I3_O)        0.105     6.884 r  execute/ALU/WriteDataE_r[0]_i_1/O
                         net (fo=3, routed)           0.122     7.007    decode/D[0]
    SLICE_X159Y124       LUT4 (Prop_lut4_I1_O)        0.105     7.112 r  decode/sum0_carry_i_1/O
                         net (fo=1, routed)           0.277     7.388    execute/ALU/mux1[0]
    SLICE_X158Y125       CARRY4 (Prop_carry4_CYINIT_CO[3])
                                                      0.494     7.882 r  execute/ALU/sum0_carry/CO[3]
                         net (fo=1, routed)           0.000     7.882    execute/ALU/sum0_carry_n_0
    SLICE_X158Y126       CARRY4 (Prop_carry4_CI_O[1])
                                                      0.257     8.139 r  execute/ALU/sum0_carry__0/O[1]
                         net (fo=1, routed)           0.252     8.391    execute/ALU/sum0_carry__0_n_6
    SLICE_X160Y126       LUT2 (Prop_lut2_I0_O)        0.245     8.636 r  execute/ALU/ALUResultE_r_rep[5]_i_1/O
                         net (fo=4, routed)           0.488     9.125    execute/result[5]
    SLICE_X160Y126       FDCE                                         r  execute/ALUResultE_r_reg[5]/D
  -------------------------------------------------------------------    -------------------

                         (clock sys_clk rise edge)    5.333     5.333 r  
    V4                                                0.000     5.333 r  clk (IN)
                         net (fo=0)                   0.000     5.333    clk
    V4                   IBUF (Prop_ibuf_I_O)         0.810     6.143 r  clk_IBUF_inst/O
                         net (fo=1, routed)           1.699     7.842    clk_IBUF
    BUFGCTRL_X0Y0        BUFG (Prop_bufg_I_O)         0.077     7.919 r  clk_IBUF_BUFG_inst/O
                         net (fo=1051, routed)        1.429     9.348    execute/clk_IBUF_BUFG
    SLICE_X160Y126       FDCE                                         r  execute/ALUResultE_r_reg[5]/C
                         clock pessimism              0.309     9.657    
                         clock uncertainty           -0.035     9.622    
    SLICE_X160Y126       FDCE (Setup_fdce_C_D)       -0.047     9.575    execute/ALUResultE_r_reg[5]
  -------------------------------------------------------------------
                         required time                          9.575    
                         arrival time                          -9.125    
  -------------------------------------------------------------------
                         slack                                  0.450    





Min Delay Paths
--------------------------------------------------------------------------------------
Slack (MET) :             0.107ns  (arrival time - required time)
  Source:                 memory/RD_M_r_reg[2]/C
                            (rising edge-triggered cell FDCE clocked by sys_clk  {rise@0.000ns fall@2.667ns period=5.333ns})
  Destination:            decode/reg_file/reg_mem_reg_r1_0_31_0_5/RAMA/WADR2
                            (rising edge-triggered cell RAMD32 clocked by sys_clk  {rise@0.000ns fall@2.667ns period=5.333ns})
  Path Group:             sys_clk
  Path Type:              Hold (Min at Fast Process Corner)
  Requirement:            0.000ns  (sys_clk rise@0.000ns - sys_clk rise@0.000ns)
  Data Path Delay:        0.374ns  (logic 0.141ns (37.679%)  route 0.233ns (62.321%))
  Logic Levels:           0  
  Clock Path Skew:        0.013ns (DCD - SCD - CPR)
    Destination Clock Delay (DCD):    2.094ns
    Source Clock Delay      (SCD):    1.574ns
    Clock Pessimism Removal (CPR):    0.507ns

    Location             Delay type                Incr(ns)  Path(ns)    Netlist Resource(s)
  -------------------------------------------------------------------    -------------------
                         (clock sys_clk rise edge)    0.000     0.000 r  
    V4                                                0.000     0.000 r  clk (IN)
                         net (fo=0)                   0.000     0.000    clk
    V4                   IBUF (Prop_ibuf_I_O)         0.238     0.238 r  clk_IBUF_inst/O
                         net (fo=1, routed)           0.676     0.914    clk_IBUF
    BUFGCTRL_X0Y0        BUFG (Prop_bufg_I_O)         0.026     0.940 r  clk_IBUF_BUFG_inst/O
                         net (fo=1051, routed)        0.635     1.574    memory/clk_IBUF_BUFG
    SLICE_X161Y125       FDCE                                         r  memory/RD_M_r_reg[2]/C
  -------------------------------------------------------------------    -------------------
    SLICE_X161Y125       FDCE (Prop_fdce_C_Q)         0.141     1.715 r  memory/RD_M_r_reg[2]/Q
                         net (fo=95, routed)          0.233     1.949    decode/reg_file/reg_mem_reg_r1_0_31_0_5/ADDRD2
    SLICE_X162Y125       RAMD32                                       r  decode/reg_file/reg_mem_reg_r1_0_31_0_5/RAMA/WADR2
  -------------------------------------------------------------------    -------------------

                         (clock sys_clk rise edge)    0.000     0.000 r  
    V4                                                0.000     0.000 r  clk (IN)
                         net (fo=0)                   0.000     0.000    clk
    V4                   IBUF (Prop_ibuf_I_O)         0.427     0.427 r  clk_IBUF_inst/O
                         net (fo=1, routed)           0.734     1.161    clk_IBUF
    BUFGCTRL_X0Y0        BUFG (Prop_bufg_I_O)         0.029     1.190 r  clk_IBUF_BUFG_inst/O
                         net (fo=1051, routed)        0.905     2.094    decode/reg_file/reg_mem_reg_r1_0_31_0_5/WCLK
    SLICE_X162Y125       RAMD32                                       r  decode/reg_file/reg_mem_reg_r1_0_31_0_5/RAMA/CLK
                         clock pessimism             -0.507     1.587    
    SLICE_X162Y125       RAMD32 (Hold_ramd32_CLK_WADR2)
                                                      0.254     1.841    decode/reg_file/reg_mem_reg_r1_0_31_0_5/RAMA
  -------------------------------------------------------------------
                         required time                         -1.841    
                         arrival time                           1.949    
  -------------------------------------------------------------------
                         slack                                  0.107    

Slack (MET) :             0.107ns  (arrival time - required time)
  Source:                 memory/RD_M_r_reg[2]/C
                            (rising edge-triggered cell FDCE clocked by sys_clk  {rise@0.000ns fall@2.667ns period=5.333ns})
  Destination:            decode/reg_file/reg_mem_reg_r1_0_31_0_5/RAMA_D1/WADR2
                            (rising edge-triggered cell RAMD32 clocked by sys_clk  {rise@0.000ns fall@2.667ns period=5.333ns})
  Path Group:             sys_clk
  Path Type:              Hold (Min at Fast Process Corner)
  Requirement:            0.000ns  (sys_clk rise@0.000ns - sys_clk rise@0.000ns)
  Data Path Delay:        0.374ns  (logic 0.141ns (37.679%)  route 0.233ns (62.321%))
  Logic Levels:           0  
  Clock Path Skew:        0.013ns (DCD - SCD - CPR)
    Destination Clock Delay (DCD):    2.094ns
    Source Clock Delay      (SCD):    1.574ns
    Clock Pessimism Removal (CPR):    0.507ns

    Location             Delay type                Incr(ns)  Path(ns)    Netlist Resource(s)
  -------------------------------------------------------------------    -------------------
                         (clock sys_clk rise edge)    0.000     0.000 r  
    V4                                                0.000     0.000 r  clk (IN)
                         net (fo=0)                   0.000     0.000    clk
    V4                   IBUF (Prop_ibuf_I_O)         0.238     0.238 r  clk_IBUF_inst/O
                         net (fo=1, routed)           0.676     0.914    clk_IBUF
    BUFGCTRL_X0Y0        BUFG (Prop_bufg_I_O)         0.026     0.940 r  clk_IBUF_BUFG_inst/O
                         net (fo=1051, routed)        0.635     1.574    memory/clk_IBUF_BUFG
    SLICE_X161Y125       FDCE                                         r  memory/RD_M_r_reg[2]/C
  -------------------------------------------------------------------    -------------------
    SLICE_X161Y125       FDCE (Prop_fdce_C_Q)         0.141     1.715 r  memory/RD_M_r_reg[2]/Q
                         net (fo=95, routed)          0.233     1.949    decode/reg_file/reg_mem_reg_r1_0_31_0_5/ADDRD2
    SLICE_X162Y125       RAMD32                                       r  decode/reg_file/reg_mem_reg_r1_0_31_0_5/RAMA_D1/WADR2
  -------------------------------------------------------------------    -------------------

                         (clock sys_clk rise edge)    0.000     0.000 r  
    V4                                                0.000     0.000 r  clk (IN)
                         net (fo=0)                   0.000     0.000    clk
    V4                   IBUF (Prop_ibuf_I_O)         0.427     0.427 r  clk_IBUF_inst/O
                         net (fo=1, routed)           0.734     1.161    clk_IBUF
    BUFGCTRL_X0Y0        BUFG (Prop_bufg_I_O)         0.029     1.190 r  clk_IBUF_BUFG_inst/O
                         net (fo=1051, routed)        0.905     2.094    decode/reg_file/reg_mem_reg_r1_0_31_0_5/WCLK
    SLICE_X162Y125       RAMD32                                       r  decode/reg_file/reg_mem_reg_r1_0_31_0_5/RAMA_D1/CLK
                         clock pessimism             -0.507     1.587    
    SLICE_X162Y125       RAMD32 (Hold_ramd32_CLK_WADR2)
                                                      0.254     1.841    decode/reg_file/reg_mem_reg_r1_0_31_0_5/RAMA_D1
  -------------------------------------------------------------------
                         required time                         -1.841    
                         arrival time                           1.949    
  -------------------------------------------------------------------
                         slack                                  0.107    

Slack (MET) :             0.107ns  (arrival time - required time)
  Source:                 memory/RD_M_r_reg[2]/C
                            (rising edge-triggered cell FDCE clocked by sys_clk  {rise@0.000ns fall@2.667ns period=5.333ns})
  Destination:            decode/reg_file/reg_mem_reg_r1_0_31_0_5/RAMB/WADR2
                            (rising edge-triggered cell RAMD32 clocked by sys_clk  {rise@0.000ns fall@2.667ns period=5.333ns})
  Path Group:             sys_clk
  Path Type:              Hold (Min at Fast Process Corner)
  Requirement:            0.000ns  (sys_clk rise@0.000ns - sys_clk rise@0.000ns)
  Data Path Delay:        0.374ns  (logic 0.141ns (37.679%)  route 0.233ns (62.321%))
  Logic Levels:           0  
  Clock Path Skew:        0.013ns (DCD - SCD - CPR)
    Destination Clock Delay (DCD):    2.094ns
    Source Clock Delay      (SCD):    1.574ns
    Clock Pessimism Removal (CPR):    0.507ns

    Location             Delay type                Incr(ns)  Path(ns)    Netlist Resource(s)
  -------------------------------------------------------------------    -------------------
                         (clock sys_clk rise edge)    0.000     0.000 r  
    V4                                                0.000     0.000 r  clk (IN)
                         net (fo=0)                   0.000     0.000    clk
    V4                   IBUF (Prop_ibuf_I_O)         0.238     0.238 r  clk_IBUF_inst/O
                         net (fo=1, routed)           0.676     0.914    clk_IBUF
    BUFGCTRL_X0Y0        BUFG (Prop_bufg_I_O)         0.026     0.940 r  clk_IBUF_BUFG_inst/O
                         net (fo=1051, routed)        0.635     1.574    memory/clk_IBUF_BUFG
    SLICE_X161Y125       FDCE                                         r  memory/RD_M_r_reg[2]/C
  -------------------------------------------------------------------    -------------------
    SLICE_X161Y125       FDCE (Prop_fdce_C_Q)         0.141     1.715 r  memory/RD_M_r_reg[2]/Q
                         net (fo=95, routed)          0.233     1.949    decode/reg_file/reg_mem_reg_r1_0_31_0_5/ADDRD2
    SLICE_X162Y125       RAMD32                                       r  decode/reg_file/reg_mem_reg_r1_0_31_0_5/RAMB/WADR2
  -------------------------------------------------------------------    -------------------

                         (clock sys_clk rise edge)    0.000     0.000 r  
    V4                                                0.000     0.000 r  clk (IN)
                         net (fo=0)                   0.000     0.000    clk
    V4                   IBUF (Prop_ibuf_I_O)         0.427     0.427 r  clk_IBUF_inst/O
                         net (fo=1, routed)           0.734     1.161    clk_IBUF
    BUFGCTRL_X0Y0        BUFG (Prop_bufg_I_O)         0.029     1.190 r  clk_IBUF_BUFG_inst/O
                         net (fo=1051, routed)        0.905     2.094    decode/reg_file/reg_mem_reg_r1_0_31_0_5/WCLK
    SLICE_X162Y125       RAMD32                                       r  decode/reg_file/reg_mem_reg_r1_0_31_0_5/RAMB/CLK
                         clock pessimism             -0.507     1.587    
    SLICE_X162Y125       RAMD32 (Hold_ramd32_CLK_WADR2)
                                                      0.254     1.841    decode/reg_file/reg_mem_reg_r1_0_31_0_5/RAMB
  -------------------------------------------------------------------
                         required time                         -1.841    
                         arrival time                           1.949    
  -------------------------------------------------------------------
                         slack                                  0.107    

Slack (MET) :             0.107ns  (arrival time - required time)
  Source:                 memory/RD_M_r_reg[2]/C
                            (rising edge-triggered cell FDCE clocked by sys_clk  {rise@0.000ns fall@2.667ns period=5.333ns})
  Destination:            decode/reg_file/reg_mem_reg_r1_0_31_0_5/RAMB_D1/WADR2
                            (rising edge-triggered cell RAMD32 clocked by sys_clk  {rise@0.000ns fall@2.667ns period=5.333ns})
  Path Group:             sys_clk
  Path Type:              Hold (Min at Fast Process Corner)
  Requirement:            0.000ns  (sys_clk rise@0.000ns - sys_clk rise@0.000ns)
  Data Path Delay:        0.374ns  (logic 0.141ns (37.679%)  route 0.233ns (62.321%))
  Logic Levels:           0  
  Clock Path Skew:        0.013ns (DCD - SCD - CPR)
    Destination Clock Delay (DCD):    2.094ns
    Source Clock Delay      (SCD):    1.574ns
    Clock Pessimism Removal (CPR):    0.507ns

    Location             Delay type                Incr(ns)  Path(ns)    Netlist Resource(s)
  -------------------------------------------------------------------    -------------------
                         (clock sys_clk rise edge)    0.000     0.000 r  
    V4                                                0.000     0.000 r  clk (IN)
                         net (fo=0)                   0.000     0.000    clk
    V4                   IBUF (Prop_ibuf_I_O)         0.238     0.238 r  clk_IBUF_inst/O
                         net (fo=1, routed)           0.676     0.914    clk_IBUF
    BUFGCTRL_X0Y0        BUFG (Prop_bufg_I_O)         0.026     0.940 r  clk_IBUF_BUFG_inst/O
                         net (fo=1051, routed)        0.635     1.574    memory/clk_IBUF_BUFG
    SLICE_X161Y125       FDCE                                         r  memory/RD_M_r_reg[2]/C
  -------------------------------------------------------------------    -------------------
    SLICE_X161Y125       FDCE (Prop_fdce_C_Q)         0.141     1.715 r  memory/RD_M_r_reg[2]/Q
                         net (fo=95, routed)          0.233     1.949    decode/reg_file/reg_mem_reg_r1_0_31_0_5/ADDRD2
    SLICE_X162Y125       RAMD32                                       r  decode/reg_file/reg_mem_reg_r1_0_31_0_5/RAMB_D1/WADR2
  -------------------------------------------------------------------    -------------------

                         (clock sys_clk rise edge)    0.000     0.000 r  
    V4                                                0.000     0.000 r  clk (IN)
                         net (fo=0)                   0.000     0.000    clk
    V4                   IBUF (Prop_ibuf_I_O)         0.427     0.427 r  clk_IBUF_inst/O
                         net (fo=1, routed)           0.734     1.161    clk_IBUF
    BUFGCTRL_X0Y0        BUFG (Prop_bufg_I_O)         0.029     1.190 r  clk_IBUF_BUFG_inst/O
                         net (fo=1051, routed)        0.905     2.094    decode/reg_file/reg_mem_reg_r1_0_31_0_5/WCLK
    SLICE_X162Y125       RAMD32                                       r  decode/reg_file/reg_mem_reg_r1_0_31_0_5/RAMB_D1/CLK
                         clock pessimism             -0.507     1.587    
    SLICE_X162Y125       RAMD32 (Hold_ramd32_CLK_WADR2)
                                                      0.254     1.841    decode/reg_file/reg_mem_reg_r1_0_31_0_5/RAMB_D1
  -------------------------------------------------------------------
                         required time                         -1.841    
                         arrival time                           1.949    
  -------------------------------------------------------------------
                         slack                                  0.107    

Slack (MET) :             0.107ns  (arrival time - required time)
  Source:                 memory/RD_M_r_reg[2]/C
                            (rising edge-triggered cell FDCE clocked by sys_clk  {rise@0.000ns fall@2.667ns period=5.333ns})
  Destination:            decode/reg_file/reg_mem_reg_r1_0_31_0_5/RAMC/WADR2
                            (rising edge-triggered cell RAMD32 clocked by sys_clk  {rise@0.000ns fall@2.667ns period=5.333ns})
  Path Group:             sys_clk
  Path Type:              Hold (Min at Fast Process Corner)
  Requirement:            0.000ns  (sys_clk rise@0.000ns - sys_clk rise@0.000ns)
  Data Path Delay:        0.374ns  (logic 0.141ns (37.679%)  route 0.233ns (62.321%))
  Logic Levels:           0  
  Clock Path Skew:        0.013ns (DCD - SCD - CPR)
    Destination Clock Delay (DCD):    2.094ns
    Source Clock Delay      (SCD):    1.574ns
    Clock Pessimism Removal (CPR):    0.507ns

    Location             Delay type                Incr(ns)  Path(ns)    Netlist Resource(s)
  -------------------------------------------------------------------    -------------------
                         (clock sys_clk rise edge)    0.000     0.000 r  
    V4                                                0.000     0.000 r  clk (IN)
                         net (fo=0)                   0.000     0.000    clk
    V4                   IBUF (Prop_ibuf_I_O)         0.238     0.238 r  clk_IBUF_inst/O
                         net (fo=1, routed)           0.676     0.914    clk_IBUF
    BUFGCTRL_X0Y0        BUFG (Prop_bufg_I_O)         0.026     0.940 r  clk_IBUF_BUFG_inst/O
                         net (fo=1051, routed)        0.635     1.574    memory/clk_IBUF_BUFG
    SLICE_X161Y125       FDCE                                         r  memory/RD_M_r_reg[2]/C
  -------------------------------------------------------------------    -------------------
    SLICE_X161Y125       FDCE (Prop_fdce_C_Q)         0.141     1.715 r  memory/RD_M_r_reg[2]/Q
                         net (fo=95, routed)          0.233     1.949    decode/reg_file/reg_mem_reg_r1_0_31_0_5/ADDRD2
    SLICE_X162Y125       RAMD32                                       r  decode/reg_file/reg_mem_reg_r1_0_31_0_5/RAMC/WADR2
  -------------------------------------------------------------------    -------------------

                         (clock sys_clk rise edge)    0.000     0.000 r  
    V4                                                0.000     0.000 r  clk (IN)
                         net (fo=0)                   0.000     0.000    clk
    V4                   IBUF (Prop_ibuf_I_O)         0.427     0.427 r  clk_IBUF_inst/O
                         net (fo=1, routed)           0.734     1.161    clk_IBUF
    BUFGCTRL_X0Y0        BUFG (Prop_bufg_I_O)         0.029     1.190 r  clk_IBUF_BUFG_inst/O
                         net (fo=1051, routed)        0.905     2.094    decode/reg_file/reg_mem_reg_r1_0_31_0_5/WCLK
    SLICE_X162Y125       RAMD32                                       r  decode/reg_file/reg_mem_reg_r1_0_31_0_5/RAMC/CLK
                         clock pessimism             -0.507     1.587    
    SLICE_X162Y125       RAMD32 (Hold_ramd32_CLK_WADR2)
                                                      0.254     1.841    decode/reg_file/reg_mem_reg_r1_0_31_0_5/RAMC
  -------------------------------------------------------------------
                         required time                         -1.841    
                         arrival time                           1.949    
  -------------------------------------------------------------------
                         slack                                  0.107    

Slack (MET) :             0.107ns  (arrival time - required time)
  Source:                 memory/RD_M_r_reg[2]/C
                            (rising edge-triggered cell FDCE clocked by sys_clk  {rise@0.000ns fall@2.667ns period=5.333ns})
  Destination:            decode/reg_file/reg_mem_reg_r1_0_31_0_5/RAMC_D1/WADR2
                            (rising edge-triggered cell RAMD32 clocked by sys_clk  {rise@0.000ns fall@2.667ns period=5.333ns})
  Path Group:             sys_clk
  Path Type:              Hold (Min at Fast Process Corner)
  Requirement:            0.000ns  (sys_clk rise@0.000ns - sys_clk rise@0.000ns)
  Data Path Delay:        0.374ns  (logic 0.141ns (37.679%)  route 0.233ns (62.321%))
  Logic Levels:           0  
  Clock Path Skew:        0.013ns (DCD - SCD - CPR)
    Destination Clock Delay (DCD):    2.094ns
    Source Clock Delay      (SCD):    1.574ns
    Clock Pessimism Removal (CPR):    0.507ns

    Location             Delay type                Incr(ns)  Path(ns)    Netlist Resource(s)
  -------------------------------------------------------------------    -------------------
                         (clock sys_clk rise edge)    0.000     0.000 r  
    V4                                                0.000     0.000 r  clk (IN)
                         net (fo=0)                   0.000     0.000    clk
    V4                   IBUF (Prop_ibuf_I_O)         0.238     0.238 r  clk_IBUF_inst/O
                         net (fo=1, routed)           0.676     0.914    clk_IBUF
    BUFGCTRL_X0Y0        BUFG (Prop_bufg_I_O)         0.026     0.940 r  clk_IBUF_BUFG_inst/O
                         net (fo=1051, routed)        0.635     1.574    memory/clk_IBUF_BUFG
    SLICE_X161Y125       FDCE                                         r  memory/RD_M_r_reg[2]/C
  -------------------------------------------------------------------    -------------------
    SLICE_X161Y125       FDCE (Prop_fdce_C_Q)         0.141     1.715 r  memory/RD_M_r_reg[2]/Q
                         net (fo=95, routed)          0.233     1.949    decode/reg_file/reg_mem_reg_r1_0_31_0_5/ADDRD2
    SLICE_X162Y125       RAMD32                                       r  decode/reg_file/reg_mem_reg_r1_0_31_0_5/RAMC_D1/WADR2
  -------------------------------------------------------------------    -------------------

                         (clock sys_clk rise edge)    0.000     0.000 r  
    V4                                                0.000     0.000 r  clk (IN)
                         net (fo=0)                   0.000     0.000    clk
    V4                   IBUF (Prop_ibuf_I_O)         0.427     0.427 r  clk_IBUF_inst/O
                         net (fo=1, routed)           0.734     1.161    clk_IBUF
    BUFGCTRL_X0Y0        BUFG (Prop_bufg_I_O)         0.029     1.190 r  clk_IBUF_BUFG_inst/O
                         net (fo=1051, routed)        0.905     2.094    decode/reg_file/reg_mem_reg_r1_0_31_0_5/WCLK
    SLICE_X162Y125       RAMD32                                       r  decode/reg_file/reg_mem_reg_r1_0_31_0_5/RAMC_D1/CLK
                         clock pessimism             -0.507     1.587    
    SLICE_X162Y125       RAMD32 (Hold_ramd32_CLK_WADR2)
                                                      0.254     1.841    decode/reg_file/reg_mem_reg_r1_0_31_0_5/RAMC_D1
  -------------------------------------------------------------------
                         required time                         -1.841    
                         arrival time                           1.949    
  -------------------------------------------------------------------
                         slack                                  0.107    

Slack (MET) :             0.107ns  (arrival time - required time)
  Source:                 memory/RD_M_r_reg[2]/C
                            (rising edge-triggered cell FDCE clocked by sys_clk  {rise@0.000ns fall@2.667ns period=5.333ns})
  Destination:            decode/reg_file/reg_mem_reg_r1_0_31_0_5/RAMD/ADR2
                            (rising edge-triggered cell RAMS32 clocked by sys_clk  {rise@0.000ns fall@2.667ns period=5.333ns})
  Path Group:             sys_clk
  Path Type:              Hold (Min at Fast Process Corner)
  Requirement:            0.000ns  (sys_clk rise@0.000ns - sys_clk rise@0.000ns)
  Data Path Delay:        0.374ns  (logic 0.141ns (37.679%)  route 0.233ns (62.321%))
  Logic Levels:           0  
  Clock Path Skew:        0.013ns (DCD - SCD - CPR)
    Destination Clock Delay (DCD):    2.094ns
    Source Clock Delay      (SCD):    1.574ns
    Clock Pessimism Removal (CPR):    0.507ns

    Location             Delay type                Incr(ns)  Path(ns)    Netlist Resource(s)
  -------------------------------------------------------------------    -------------------
                         (clock sys_clk rise edge)    0.000     0.000 r  
    V4                                                0.000     0.000 r  clk (IN)
                         net (fo=0)                   0.000     0.000    clk
    V4                   IBUF (Prop_ibuf_I_O)         0.238     0.238 r  clk_IBUF_inst/O
                         net (fo=1, routed)           0.676     0.914    clk_IBUF
    BUFGCTRL_X0Y0        BUFG (Prop_bufg_I_O)         0.026     0.940 r  clk_IBUF_BUFG_inst/O
                         net (fo=1051, routed)        0.635     1.574    memory/clk_IBUF_BUFG
    SLICE_X161Y125       FDCE                                         r  memory/RD_M_r_reg[2]/C
  -------------------------------------------------------------------    -------------------
    SLICE_X161Y125       FDCE (Prop_fdce_C_Q)         0.141     1.715 r  memory/RD_M_r_reg[2]/Q
                         net (fo=95, routed)          0.233     1.949    decode/reg_file/reg_mem_reg_r1_0_31_0_5/ADDRD2
    SLICE_X162Y125       RAMS32                                       r  decode/reg_file/reg_mem_reg_r1_0_31_0_5/RAMD/ADR2
  -------------------------------------------------------------------    -------------------

                         (clock sys_clk rise edge)    0.000     0.000 r  
    V4                                                0.000     0.000 r  clk (IN)
                         net (fo=0)                   0.000     0.000    clk
    V4                   IBUF (Prop_ibuf_I_O)         0.427     0.427 r  clk_IBUF_inst/O
                         net (fo=1, routed)           0.734     1.161    clk_IBUF
    BUFGCTRL_X0Y0        BUFG (Prop_bufg_I_O)         0.029     1.190 r  clk_IBUF_BUFG_inst/O
                         net (fo=1051, routed)        0.905     2.094    decode/reg_file/reg_mem_reg_r1_0_31_0_5/WCLK
    SLICE_X162Y125       RAMS32                                       r  decode/reg_file/reg_mem_reg_r1_0_31_0_5/RAMD/CLK
                         clock pessimism             -0.507     1.587    
    SLICE_X162Y125       RAMS32 (Hold_rams32_CLK_ADR2)
                                                      0.254     1.841    decode/reg_file/reg_mem_reg_r1_0_31_0_5/RAMD
  -------------------------------------------------------------------
                         required time                         -1.841    
                         arrival time                           1.949    
  -------------------------------------------------------------------
                         slack                                  0.107    

Slack (MET) :             0.107ns  (arrival time - required time)
  Source:                 memory/RD_M_r_reg[2]/C
                            (rising edge-triggered cell FDCE clocked by sys_clk  {rise@0.000ns fall@2.667ns period=5.333ns})
  Destination:            decode/reg_file/reg_mem_reg_r1_0_31_0_5/RAMD_D1/ADR2
                            (rising edge-triggered cell RAMS32 clocked by sys_clk  {rise@0.000ns fall@2.667ns period=5.333ns})
  Path Group:             sys_clk
  Path Type:              Hold (Min at Fast Process Corner)
  Requirement:            0.000ns  (sys_clk rise@0.000ns - sys_clk rise@0.000ns)
  Data Path Delay:        0.374ns  (logic 0.141ns (37.679%)  route 0.233ns (62.321%))
  Logic Levels:           0  
  Clock Path Skew:        0.013ns (DCD - SCD - CPR)
    Destination Clock Delay (DCD):    2.094ns
    Source Clock Delay      (SCD):    1.574ns
    Clock Pessimism Removal (CPR):    0.507ns

    Location             Delay type                Incr(ns)  Path(ns)    Netlist Resource(s)
  -------------------------------------------------------------------    -------------------
                         (clock sys_clk rise edge)    0.000     0.000 r  
    V4                                                0.000     0.000 r  clk (IN)
                         net (fo=0)                   0.000     0.000    clk
    V4                   IBUF (Prop_ibuf_I_O)         0.238     0.238 r  clk_IBUF_inst/O
                         net (fo=1, routed)           0.676     0.914    clk_IBUF
    BUFGCTRL_X0Y0        BUFG (Prop_bufg_I_O)         0.026     0.940 r  clk_IBUF_BUFG_inst/O
                         net (fo=1051, routed)        0.635     1.574    memory/clk_IBUF_BUFG
    SLICE_X161Y125       FDCE                                         r  memory/RD_M_r_reg[2]/C
  -------------------------------------------------------------------    -------------------
    SLICE_X161Y125       FDCE (Prop_fdce_C_Q)         0.141     1.715 r  memory/RD_M_r_reg[2]/Q
                         net (fo=95, routed)          0.233     1.949    decode/reg_file/reg_mem_reg_r1_0_31_0_5/ADDRD2
    SLICE_X162Y125       RAMS32                                       r  decode/reg_file/reg_mem_reg_r1_0_31_0_5/RAMD_D1/ADR2
  -------------------------------------------------------------------    -------------------

                         (clock sys_clk rise edge)    0.000     0.000 r  
    V4                                                0.000     0.000 r  clk (IN)
                         net (fo=0)                   0.000     0.000    clk
    V4                   IBUF (Prop_ibuf_I_O)         0.427     0.427 r  clk_IBUF_inst/O
                         net (fo=1, routed)           0.734     1.161    clk_IBUF
    BUFGCTRL_X0Y0        BUFG (Prop_bufg_I_O)         0.029     1.190 r  clk_IBUF_BUFG_inst/O
                         net (fo=1051, routed)        0.905     2.094    decode/reg_file/reg_mem_reg_r1_0_31_0_5/WCLK
    SLICE_X162Y125       RAMS32                                       r  decode/reg_file/reg_mem_reg_r1_0_31_0_5/RAMD_D1/CLK
                         clock pessimism             -0.507     1.587    
    SLICE_X162Y125       RAMS32 (Hold_rams32_CLK_ADR2)
                                                      0.254     1.841    decode/reg_file/reg_mem_reg_r1_0_31_0_5/RAMD_D1
  -------------------------------------------------------------------
                         required time                         -1.841    
                         arrival time                           1.949    
  -------------------------------------------------------------------
                         slack                                  0.107    

Slack (MET) :             0.134ns  (arrival time - required time)
  Source:                 execute/WriteDataE_r_reg[15]/C
                            (rising edge-triggered cell FDCE clocked by sys_clk  {rise@0.000ns fall@2.667ns period=5.333ns})
  Destination:            memory/Data_Memory/data_mem_reg_256_511_15_15/RAMS64E_D/I
                            (rising edge-triggered cell RAMS64E clocked by sys_clk  {rise@0.000ns fall@2.667ns period=5.333ns})
  Path Group:             sys_clk
  Path Type:              Hold (Min at Fast Process Corner)
  Requirement:            0.000ns  (sys_clk rise@0.000ns - sys_clk rise@0.000ns)
  Data Path Delay:        0.293ns  (logic 0.164ns (55.933%)  route 0.129ns (44.067%))
  Logic Levels:           0  
  Clock Path Skew:        0.015ns (DCD - SCD - CPR)
    Destination Clock Delay (DCD):    2.097ns
    Source Clock Delay      (SCD):    1.575ns
    Clock Pessimism Removal (CPR):    0.507ns

    Location             Delay type                Incr(ns)  Path(ns)    Netlist Resource(s)
  -------------------------------------------------------------------    -------------------
                         (clock sys_clk rise edge)    0.000     0.000 r  
    V4                                                0.000     0.000 r  clk (IN)
                         net (fo=0)                   0.000     0.000    clk
    V4                   IBUF (Prop_ibuf_I_O)         0.238     0.238 r  clk_IBUF_inst/O
                         net (fo=1, routed)           0.676     0.914    clk_IBUF
    BUFGCTRL_X0Y0        BUFG (Prop_bufg_I_O)         0.026     0.940 r  clk_IBUF_BUFG_inst/O
                         net (fo=1051, routed)        0.636     1.575    execute/clk_IBUF_BUFG
    SLICE_X162Y123       FDCE                                         r  execute/WriteDataE_r_reg[15]/C
  -------------------------------------------------------------------    -------------------
    SLICE_X162Y123       FDCE (Prop_fdce_C_Q)         0.164     1.739 r  execute/WriteDataE_r_reg[15]/Q
                         net (fo=16, routed)          0.129     1.869    memory/Data_Memory/data_mem_reg_256_511_15_15/D
    SLICE_X162Y122       RAMS64E                                      r  memory/Data_Memory/data_mem_reg_256_511_15_15/RAMS64E_D/I
  -------------------------------------------------------------------    -------------------

                         (clock sys_clk rise edge)    0.000     0.000 r  
    V4                                                0.000     0.000 r  clk (IN)
                         net (fo=0)                   0.000     0.000    clk
    V4                   IBUF (Prop_ibuf_I_O)         0.427     0.427 r  clk_IBUF_inst/O
                         net (fo=1, routed)           0.734     1.161    clk_IBUF
    BUFGCTRL_X0Y0        BUFG (Prop_bufg_I_O)         0.029     1.190 r  clk_IBUF_BUFG_inst/O
                         net (fo=1051, routed)        0.908     2.097    memory/Data_Memory/data_mem_reg_256_511_15_15/WCLK
    SLICE_X162Y122       RAMS64E                                      r  memory/Data_Memory/data_mem_reg_256_511_15_15/RAMS64E_D/CLK
                         clock pessimism             -0.507     1.590    
    SLICE_X162Y122       RAMS64E (Hold_rams64e_CLK_I)
                                                      0.144     1.734    memory/Data_Memory/data_mem_reg_256_511_15_15/RAMS64E_D
  -------------------------------------------------------------------
                         required time                         -1.734    
                         arrival time                           1.869    
  -------------------------------------------------------------------
                         slack                                  0.134    

Slack (MET) :             0.148ns  (arrival time - required time)
  Source:                 memory/RD_M_r_reg[3]/C
                            (rising edge-triggered cell FDCE clocked by sys_clk  {rise@0.000ns fall@2.667ns period=5.333ns})
  Destination:            decode/reg_file/reg_mem_reg_r2_0_31_6_11/RAMA/WADR3
                            (rising edge-triggered cell RAMD32 clocked by sys_clk  {rise@0.000ns fall@2.667ns period=5.333ns})
  Path Group:             sys_clk
  Path Type:              Hold (Min at Fast Process Corner)
  Requirement:            0.000ns  (sys_clk rise@0.000ns - sys_clk rise@0.000ns)
  Data Path Delay:        0.370ns  (logic 0.128ns (34.613%)  route 0.242ns (65.387%))
  Logic Levels:           0  
  Clock Path Skew:        0.035ns (DCD - SCD - CPR)
    Destination Clock Delay (DCD):    2.094ns
    Source Clock Delay      (SCD):    1.575ns
    Clock Pessimism Removal (CPR):    0.484ns

    Location             Delay type                Incr(ns)  Path(ns)    Netlist Resource(s)
  -------------------------------------------------------------------    -------------------
                         (clock sys_clk rise edge)    0.000     0.000 r  
    V4                                                0.000     0.000 r  clk (IN)
                         net (fo=0)                   0.000     0.000    clk
    V4                   IBUF (Prop_ibuf_I_O)         0.238     0.238 r  clk_IBUF_inst/O
                         net (fo=1, routed)           0.676     0.914    clk_IBUF
    BUFGCTRL_X0Y0        BUFG (Prop_bufg_I_O)         0.026     0.940 r  clk_IBUF_BUFG_inst/O
                         net (fo=1051, routed)        0.636     1.575    memory/clk_IBUF_BUFG
    SLICE_X161Y123       FDCE                                         r  memory/RD_M_r_reg[3]/C
  -------------------------------------------------------------------    -------------------
    SLICE_X161Y123       FDCE (Prop_fdce_C_Q)         0.128     1.703 r  memory/RD_M_r_reg[3]/Q
                         net (fo=94, routed)          0.242     1.945    decode/reg_file/reg_mem_reg_r2_0_31_6_11/ADDRD3
    SLICE_X158Y123       RAMD32                                       r  decode/reg_file/reg_mem_reg_r2_0_31_6_11/RAMA/WADR3
  -------------------------------------------------------------------    -------------------

                         (clock sys_clk rise edge)    0.000     0.000 r  
    V4                                                0.000     0.000 r  clk (IN)
                         net (fo=0)                   0.000     0.000    clk
    V4                   IBUF (Prop_ibuf_I_O)         0.427     0.427 r  clk_IBUF_inst/O
                         net (fo=1, routed)           0.734     1.161    clk_IBUF
    BUFGCTRL_X0Y0        BUFG (Prop_bufg_I_O)         0.029     1.190 r  clk_IBUF_BUFG_inst/O
                         net (fo=1051, routed)        0.905     2.094    decode/reg_file/reg_mem_reg_r2_0_31_6_11/WCLK
    SLICE_X158Y123       RAMD32                                       r  decode/reg_file/reg_mem_reg_r2_0_31_6_11/RAMA/CLK
                         clock pessimism             -0.484     1.610    
    SLICE_X158Y123       RAMD32 (Hold_ramd32_CLK_WADR3)
                                                      0.187     1.797    decode/reg_file/reg_mem_reg_r2_0_31_6_11/RAMA
  -------------------------------------------------------------------
                         required time                         -1.797    
                         arrival time                           1.945    
  -------------------------------------------------------------------
                         slack                                  0.148    





Pulse Width Checks
--------------------------------------------------------------------------------------
Clock Name:         sys_clk
Waveform(ns):       { 0.000 2.667 }
Period(ns):         5.333
Sources:            { clk }

Check Type        Corner  Lib Pin     Reference Pin  Required(ns)  Actual(ns)  Slack(ns)  Location        Pin
Min Period        n/a     BUFG/I      n/a            1.592         5.333       3.741      BUFGCTRL_X0Y0   clk_IBUF_BUFG_inst/I
Min Period        n/a     FDCE/C      n/a            1.000         5.333       4.333      SLICE_X163Y123  decode/ALUControlD_r_reg[0]/C
Min Period        n/a     FDCE/C      n/a            1.000         5.333       4.333      SLICE_X163Y123  decode/ALUControlD_r_reg[2]/C
Min Period        n/a     FDCE/C      n/a            1.000         5.333       4.333      SLICE_X161Y123  decode/ALUSrcD_r_reg/C
Min Period        n/a     FDCE/C      n/a            1.000         5.333       4.333      SLICE_X161Y123  decode/ImmExtD_r_reg[0]/C
Min Period        n/a     FDCE/C      n/a            1.000         5.333       4.333      SLICE_X157Y124  decode/ImmExtD_r_reg[1]/C
Min Period        n/a     FDCE/C      n/a            1.000         5.333       4.333      SLICE_X157Y125  decode/ImmExtD_r_reg[2]/C
Min Period        n/a     FDCE/C      n/a            1.000         5.333       4.333      SLICE_X157Y125  decode/ImmExtD_r_reg[3]/C
Min Period        n/a     FDCE/C      n/a            1.000         5.333       4.333      SLICE_X156Y123  decode/MemWriteD_r_reg/C
Min Period        n/a     FDCE/C      n/a            1.000         5.333       4.333      SLICE_X157Y134  decode/PCPlus4D_r_reg_c/C
Low Pulse Width   Slow    RAMD32/CLK  n/a            1.130         2.666       1.536      SLICE_X162Y125  decode/reg_file/reg_mem_reg_r1_0_31_0_5/RAMA/CLK
Low Pulse Width   Fast    RAMD32/CLK  n/a            1.130         2.667       1.537      SLICE_X162Y125  decode/reg_file/reg_mem_reg_r1_0_31_0_5/RAMA/CLK
Low Pulse Width   Slow    RAMD32/CLK  n/a            1.130         2.666       1.536      SLICE_X162Y125  decode/reg_file/reg_mem_reg_r1_0_31_0_5/RAMA_D1/CLK
Low Pulse Width   Fast    RAMD32/CLK  n/a            1.130         2.667       1.537      SLICE_X162Y125  decode/reg_file/reg_mem_reg_r1_0_31_0_5/RAMA_D1/CLK
Low Pulse Width   Slow    RAMD32/CLK  n/a            1.130         2.666       1.536      SLICE_X162Y125  decode/reg_file/reg_mem_reg_r1_0_31_0_5/RAMB/CLK
Low Pulse Width   Fast    RAMD32/CLK  n/a            1.130         2.667       1.537      SLICE_X162Y125  decode/reg_file/reg_mem_reg_r1_0_31_0_5/RAMB/CLK
Low Pulse Width   Slow    RAMD32/CLK  n/a            1.130         2.666       1.536      SLICE_X162Y125  decode/reg_file/reg_mem_reg_r1_0_31_0_5/RAMB_D1/CLK
Low Pulse Width   Fast    RAMD32/CLK  n/a            1.130         2.667       1.537      SLICE_X162Y125  decode/reg_file/reg_mem_reg_r1_0_31_0_5/RAMB_D1/CLK
Low Pulse Width   Slow    RAMD32/CLK  n/a            1.130         2.666       1.536      SLICE_X162Y125  decode/reg_file/reg_mem_reg_r1_0_31_0_5/RAMC/CLK
Low Pulse Width   Fast    RAMD32/CLK  n/a            1.130         2.667       1.537      SLICE_X162Y125  decode/reg_file/reg_mem_reg_r1_0_31_0_5/RAMC/CLK
High Pulse Width  Slow    RAMD32/CLK  n/a            1.130         2.667       1.537      SLICE_X162Y125  decode/reg_file/reg_mem_reg_r1_0_31_0_5/RAMA/CLK
High Pulse Width  Fast    RAMD32/CLK  n/a            1.130         2.666       1.536      SLICE_X162Y125  decode/reg_file/reg_mem_reg_r1_0_31_0_5/RAMA/CLK
High Pulse Width  Slow    RAMD32/CLK  n/a            1.130         2.667       1.537      SLICE_X162Y125  decode/reg_file/reg_mem_reg_r1_0_31_0_5/RAMA_D1/CLK
High Pulse Width  Fast    RAMD32/CLK  n/a            1.130         2.666       1.536      SLICE_X162Y125  decode/reg_file/reg_mem_reg_r1_0_31_0_5/RAMA_D1/CLK
High Pulse Width  Slow    RAMD32/CLK  n/a            1.130         2.667       1.537      SLICE_X162Y125  decode/reg_file/reg_mem_reg_r1_0_31_0_5/RAMB/CLK
High Pulse Width  Fast    RAMD32/CLK  n/a            1.130         2.666       1.536      SLICE_X162Y125  decode/reg_file/reg_mem_reg_r1_0_31_0_5/RAMB/CLK
High Pulse Width  Slow    RAMD32/CLK  n/a            1.130         2.667       1.537      SLICE_X162Y125  decode/reg_file/reg_mem_reg_r1_0_31_0_5/RAMB_D1/CLK
High Pulse Width  Fast    RAMD32/CLK  n/a            1.130         2.666       1.536      SLICE_X162Y125  decode/reg_file/reg_mem_reg_r1_0_31_0_5/RAMB_D1/CLK
High Pulse Width  Slow    RAMD32/CLK  n/a            1.130         2.667       1.537      SLICE_X162Y125  decode/reg_file/reg_mem_reg_r1_0_31_0_5/RAMC/CLK
High Pulse Width  Fast    RAMD32/CLK  n/a            1.130         2.666       1.536      SLICE_X162Y125  decode/reg_file/reg_mem_reg_r1_0_31_0_5/RAMC/CLK



